0,1,2,3,4,5,6,genres,moods
때껄룩ᴛᴀᴋᴇ ᴀ ʟᴏᴏᴋ,1930000.0,408.0,708387927.0,367.0,1736245.0,41120,"['Folk (국외)', 'Pop (국외)', 'R&B / Soul (국외)', 'Rap / Hip-hop (국외)', 'Blues (국내)', 'Blues (국내)', 'R&B / Soul (국내)', 'Rap / Hip-hop (국내)', 'Dance (국내)']",['모든 분위기']
때잉,1600000.0,534.0,1456338835.0,910.0,2727226.0,-,"['Pop (국외)', 'Dance (국내)', 'Folk (국내)', 'R&B / Soul (국내)', 'R&B / Soul (국외)', 'Folk (국외)']",['모든 분위기']
essential;,1420000.0,442.0,319202926.0,225.0,722179.0,26917,"['Ballad (국내)', 'Pop (국외)', 'Rap / Hip-hop (국외)', 'R&B / Soul (국외)', 'Folk (국외)']",['모든 분위기']
쏘플 soso playlist,1350000.0,349.0,1004560304.0,744.0,2878396.0,149705,"['OST (국내)', 'OST (국외)', 'Pop (국외)', 'R&B / Soul (국외)', 'Folk (국외)', 'R&B / Soul (국내)']",['모든 분위기']
LQ KPOP,956000.0,63.0,159671540.0,167.0,2534469.0,50992,['Dance (국내)'],"['행복', '다이내믹 템포', '몽환']"
기몽초,899000.0,386.0,602414848.0,670.0,1560660.0,26721,"['Pop (국외)', 'R&B / Soul (국외)', 'Dance (국내)', 'OST (국외)', 'R&B / Soul (국내)', 'Folk (국외)']",['모든 분위기']
리플레이LEEPLAY,867000.0,280.0,229103900.0,264.0,818228.0,20139,"['Blues (국외)', 'Country (국외)', 'Folk (국외)', 'Pop (국외)', 'R&B / Soul (국외)', 'Rock (국외)', 'Jazz (국외)']",['모든 분위기']
네고막을책임져도될까,795000.0,274.0,156825225.0,197.0,572355.0,22806,"['Blues (국외)', 'Country (국외)', 'Folk (국외)', 'Pop (국외)', 'R&B / Soul (국외)', 'Rock (국외)', 'Jazz (국외)']",['모든 분위기']
H녀,693000.0,314.0,288584557.0,416.0,919059.0,40073,"['Pop (국외)', 'R&B / Soul (국외)', 'Folk (국외)', 'Country (국외)', 'Rock (국외)']",['모든 분위기']
table w,663000.0,89.0,500142961.0,754.0,5619584.0,24578,"['Pop (국외)', 'R&B / Soul (국외)', 'Folk (국외)', 'Country (국외)', 'Rock (국외)']",['모든 분위기']
읏추읏추,490000.0,273.0,197599729.0,403.0,723809.0,-,"['Pop (국외)', 'R&B / Soul (국외)', 'Folk (국외)', 'Country (국외)', 'Rock (국외)']",['모든 분위기']
찐막 JJINMAK,492000.0,257.0,242836796.0,494.0,944890.0,-,"['Ballad (국내)', 'Blues (국내)', 'Dance (국내)', 'Folk (국내)', 'R&B / Soul (국내)', 'Rap / Hip-hop (국내)', 'Rock (국내)', 'Electronica (국내)', 'OST (국내)']",['모든 분위기']
직키(Zickii),477000.0,712.0,453686099.0,951.0,637200.0,10323,"['Pop (국외)', 'R&B / Soul (국외)', 'Folk (국외)', 'Country (국외)', 'Rock (국외)']",['모든 분위기']
Sea Pearl,464000.0,68.0,71602107.0,154.0,1052972.0,207368,"['New Age', 'Classic', 'R&B / Soul (국외)', 'Blues (국내)', 'Folk (국내)', 'Blues (국외)', 'Folk (국외)']",['모든 분위기']
민플리ᴘʟᴀʏʟɪsᴛ,409000.0,314.0,116217265.0,284.0,370119.0,801182,"['Ballad (국내)', 'Blues (국내)', 'Dance (국내)', 'Folk (국내)', 'R&B / Soul (국내)', 'Rap / Hip-hop (국내)', 'Rock (국내)', 'Electronica (국내)', 'Jazz (국내)', 'Blues (국외)', 'Country (국외)', 'Electronica (국외)', 'Folk (국외)', 'Pop (국외)', 'EDM (국외)', 'R&B / Soul (국외)', 'Rap / Hip-hop (국외)', 'Rock (국외)']",['모든 분위기']
알파,415000.0,2488.0,1130754608.0,2725.0,454483.0,647,"['Ballad (국내)', 'Blues (국내)', 'Dance (국내)', 'Folk (국내)', 'R&B / Soul (국내)', 'Rap / Hip-hop (국내)', 'Rock (국내)', 'Electronica (국내)', 'Jazz (국내)', 'OST (국내)', 'Blues (국외)', 'Country (국외)', 'Electronica (국외)', 'Folk (국외)', 'Pop (국외)', 'EDM (국외)', 'R&B / Soul (국외)', 'Rap / Hip-hop (국외)', 'Rock (국외)', 'Jazz (국외)', 'OST (국외)']",[]
my blue valentine,384000.0,77.0,58951525.0,154.0,765604.0,524013,"['New Age', 'Classic', '뮤직테라피', 'Jazz (국외)', 'Jazz (국내)']",['모든 분위기']
BeiGe Mellow 베이지멜로우,374000.0,567.0,139235516.0,372.0,245565.0,1415,"['New Age', 'Classic', '뮤직테라피']",['모든 분위기']
thanks for coming.,355000.0,310.0,56379334.0,159.0,181869.0,7667,"['Jazz (국외)', 'New Age', 'Classic', '뮤직테라피', 'R&B / Soul (국외)', 'Pop (국외)']",['모든 분위기']
모트모트TV,388000.0,1382.0,319303041.0,823.0,231044.0,4740,"['Dance (국내)', 'Rock (국내)', 'Folk (국내)', 'R&B / Soul (국내)', 'Pop (국외)', 'OST (국내)', 'OST (국외)', 'Jazz (국내)', 'Jazz (국외)']","['몽환', '유쾌', '희망', '편안함']"
레몬쓰,335000.0,366.0,169032433.0,505.0,461837.0,-,"['Ballad (국내)', 'Folk (국내)', 'Rock (국내)', 'Blues (국내)', 'R&B / Soul (국내)', 'Rap / Hip-hop (국내)', 'Dance (국내)']",['모든 분위기']
𝐓𝐮𝐫𝐧𝐢𝐧𝐠𝐏𝐨𝐢𝐧𝐭 𝐌𝐮𝐬𝐢𝐜,304000.0,862.0,119875587.0,394.0,139067.0,702,"['Ballad (국내)', 'Blues (국내)', 'Dance (국내)', 'Folk (국내)', 'R&B / Soul (국내)', 'Rap / Hip-hop (국내)', 'Rock (국내)', 'Electronica (국내)', 'Jazz (국내)', 'Blues (국외)', 'Country (국외)', 'Electronica (국외)', 'Folk (국외)', 'Pop (국외)', 'EDM (국외)', 'R&B / Soul (국외)', 'Rap / Hip-hop (국외)', 'Rock (국외)', 'Electronica (J-Pop)', 'Pop (J-Pop)', 'R&B / Soul (J-Pop)', 'Rap / Hip-hop (J-Pop)', 'Rock (J-Pop)', 'New Age', 'Classic']",['모든 분위기']
메르헨 Marchen,321000.0,244.0,54010223.0,168.0,221353.0,11361,"['New Age', 'Classic']","['몽환', '우아한', '미스테리', '모든 분위기']"
JAZZ IS EVERYWHERE,290000.0,147.0,33454835.0,115.0,227584.0,11781,"['Jazz (국외)', 'Jazz (국내)']",['모든 분위기']
MONKEY BGM,283000.0,350.0,96016562.0,339.0,274333.0,1108,"['Jazz (국외)', 'Jazz (국내)', 'New Age', '뮤직테라피']",['모든 분위기']
All was well,319000.0,215.0,59745782.0,187.0,277887.0,22329,"['New Age', 'Classic']",['모든 분위기']
눈에띠네,232000.0,229.0,122390882.0,528.0,534458.0,-,"['Ballad (국내)', 'Folk (국내)', 'Rock (국내)', 'Blues (국내)', 'R&B / Soul (국내)', 'Rap / Hip-hop (국내)', 'Dance (국내)']",['모든 분위기']
원플리 Oneplaylist,232000.0,221.0,52863872.0,228.0,239203.0,4580,"['Ballad (국내)', 'Blues (국내)', 'Dance (국내)', 'Folk (국내)', 'R&B / Soul (국내)', 'Rap / Hip-hop (국내)', 'Rock (국내)', 'Electronica (국내)', 'Jazz (국내)', 'Blues (국외)', 'Country (국외)', 'Electronica (국외)', 'Folk (국외)', 'Pop (국외)', 'EDM (국외)', 'R&B / Soul (국외)', 'Rap / Hip-hop (국외)', 'Rock (국외)', 'Electronica (J-Pop)', 'Pop (J-Pop)', 'R&B / Soul (J-Pop)', 'Rap / Hip-hop (J-Pop)', 'Rock (J-Pop)']",['모든 분위기']
히조heejo,245000.0,233.0,19906691.0,81.0,85436.0,6481,[],"['행복', '희망', '편안함', '차분함', '로맨틱']"
by the way,216000.0,137.0,35482314.0,164.0,258995.0,19665,"['New Age', 'Classic', '뮤직테라피']",['모든 분위기']
새던,213000.0,81.0,25057608.0,118.0,309353.0,-,"['New Age', 'Classic', '뮤직테라피']","['슬픔', '감성적']"
Ode Studio Seoul,203000.0,174.0,32309831.0,159.0,185689.0,11593,"['Ballad (국내)', 'Folk (국내)', 'Rock (국내)', 'Blues (국내)', 'R&B / Soul (국내)', 'Rap / Hip-hop (국내)', 'Dance (국내)']",['모든 분위기']
나만 듣기 아까운 노래,195000.0,1098.0,169241185.0,868.0,154136.0,503046,"['Rap / Hip-hop (국내)', 'R&B / Soul (국내)', 'Dance (국내)']",['모든 분위기']
밤공원,247000.0,333.0,192343644.0,779.0,577609.0,26813,"['Ballad (국내)', 'Dance (국내)', 'Rock (국내)', 'Electronica (국내)', 'OST (국내)']",['모든 분위기']
음악여우,190000.0,147.0,62579808.0,329.0,425713.0,22544,"['트로트', 'Ballad (국내)', 'Blues (국내)', 'Dance (국내)', 'Folk (국내)', 'R&B / Soul (국내)', 'Rap / Hip-hop (국내)', 'Rock (국내)']",['모든 분위기']
Wooden Chair 우든체어,178000.0,435.0,47918718.0,269.0,110158.0,-,"['Jazz (국외)', 'Jazz (국내)', 'New Age', '뮤직테라피']",['모든 분위기']
offweb,194000.0,173.0,27245014.0,140.0,157486.0,12185,"['Jazz (국외)', 'Blues (국외)', 'Country (국외)', 'Folk (국외)', 'Pop (국외)', 'R&B / Soul (국외)', 'Rock (국외)']",['모든 분위기']
맬러리 뮤직 Mallory Music,162000.0,154.0,27938856.0,172.0,181421.0,112644,"['Blues (국외)', 'Country (국외)', 'Electronica (국외)', 'Folk (국외)', 'Pop (국외)', 'R&B / Soul (국외)', 'Rock (국외)']",['모든 분위기']
Blue rain,208000.0,126.0,82487862.0,397.0,654666.0,7861,"['Blues (국외)', 'Country (국외)', 'Electronica (국외)', 'Folk (국외)', 'Pop (국외)', 'EDM (국외)', 'R&B / Soul (국외)', 'Rap / Hip-hop (국외)', 'Rock (국외)', 'Jazz (국외)']",['모든 분위기']
웅키,358000.0,1411.0,696132694.0,1945.0,493361.0,358662,"['Ballad (국내)', 'Dance (국내)', 'Folk (국내)', 'R&B / Soul (국내)', 'Rap / Hip-hop (국내)', 'Blues (국내)', 'OST (국내)']",['모든 분위기']
mycozypop,161000.0,332.0,53599116.0,333.0,161443.0,24158,"['Ballad (국내)', 'Blues (국내)', 'Dance (국내)', 'Folk (국내)', 'R&B / Soul (국내)', 'Rap / Hip-hop (국내)', 'Rock (국내)', 'Electronica (국내)', 'Blues (국외)', 'Country (국외)', 'Electronica (국외)', 'Folk (국외)', 'Pop (국외)', 'EDM (국외)', 'R&B / Soul (국외)', 'Rap / Hip-hop (국외)', 'Rock (국외)']",['모든 분위기']
sehooninseoul,170000.0,596.0,52275419.0,308.0,87710.0,2755,"['Ballad (국내)', 'Blues (국내)', 'Dance (국내)', 'Folk (국내)', 'R&B / Soul (국내)', 'Rap / Hip-hop (국내)', 'Rock (국내)', 'Electronica (국내)', 'Blues (국외)', 'Country (국외)', 'Electronica (국외)', 'Folk (국외)', 'Pop (국외)', 'EDM (국외)', 'R&B / Soul (국외)', 'Rap / Hip-hop (국외)', 'Rock (국외)']",['모든 분위기']
감성 저장소,170000.0,431.0,45895675.0,270.0,106486.0,1062,"['Ballad (국내)', 'Blues (국내)', 'Folk (국내)', 'R&B / Soul (국내)', 'OST (국내)']",['모든 분위기']
솧디 DJSOHEE,147000.0,126.0,49974649.0,340.0,396624.0,123228,"['Blues (국외)', 'Country (국외)', 'Electronica (국외)', 'Folk (국외)', 'Pop (국외)', 'EDM (국외)', 'R&B / Soul (국외)', 'Rap / Hip-hop (국외)', 'Rock (국외)', 'CCM (국외)', 'Jazz (국외)', 'OST (국외)']",['모든 분위기']
일상의 효정,175000.0,330.0,51166132.0,292.0,155049.0,9872,"['Ballad (국내)', 'Blues (국내)', 'Dance (국내)', 'Folk (국내)', 'R&B / Soul (국내)', 'Rap / Hip-hop (국내)', 'Rock (국내)', 'Electronica (국내)', 'Jazz (국내)', 'OST (국내)', 'Blues (국외)', 'Country (국외)', 'Electronica (국외)', 'Folk (국외)', 'Pop (국외)', 'EDM (국외)', 'R&B / Soul (국외)', 'Rap / Hip-hop (국외)', 'Rock (국외)', 'Electronica (J-Pop)', 'Pop (J-Pop)', 'R&B / Soul (J-Pop)', 'Rap / Hip-hop (J-Pop)', 'Rock (J-Pop)', 'New Age', 'Classic']",['모든 분위기']
#yeLocDirAe 옐럭,139000.0,362.0,48073822.0,346.0,132801.0,1927,"['Electronica (국외)', 'Pop (국외)', 'EDM (국외)', 'R&B / Soul (국외)', 'Rap / Hip-hop (국외)', 'Rock (국외)']",[]
GRASS COTTON 그래스코튼,171000.0,413.0,59741922.0,349.0,144654.0,736,"['New Age', '뮤직테라피']",['평화로움']
Music is My Life,137000.0,623.0,39058526.0,285.0,62694.0,1000,"['Ballad (국내)', 'Folk (국내)', 'Rock (국내)', 'Blues (국내)', 'R&B / Soul (국내)', 'Rap / Hip-hop (국내)']",['모든 분위기']
율다우TV,145000.0,1257.0,76364210.0,527.0,60751.0,1425,"['New Age', 'Classic', '뮤직테라피']",['모든 분위기']
Milky Way,121000.0,51.0,74390.0,1.0,1459.0,4750,"['OST (국외)', 'New Age', 'Classic', '뮤직테라피']",['모든 분위기']
기분Jazz네 | Mood is Jazz,244000.0,143.0,58657422.0,240.0,410192.0,6902,"['Jazz (국내)', 'Jazz (국외)', 'Blues (국외)']",['모든 분위기']
지태선 𝙄 𝙟𝙪𝙨𝙩 𝙡𝙞𝙠𝙚 𝙢𝙪𝙨𝙞𝙘,131000.0,225.0,31993076.0,244.0,142191.0,52518,"['Ballad (국내)', 'Folk (국내)', 'Rock (국내)', 'Blues (국내)', 'R&B / Soul (국내)', 'Rap / Hip-hop (국내)', 'R&B / Soul (국외)', 'Rap / Hip-hop (국외)']",['모든 분위기']
SeopLee 섭리,131000.0,50.0,39376776.0,301.0,787536.0,85650,"['Blues (국외)', 'Country (국외)', 'Electronica (국외)', 'Folk (국외)', 'Pop (국외)', 'EDM (국외)', 'R&B / Soul (국외)', 'Rap / Hip-hop (국외)', 'Rock (국외)']",['모든 분위기']
루프탑뮤직 Rooftop Music,126000.0,565.0,36199236.0,287.0,64069.0,412,"['Ballad (국내)', 'Folk (국내)', 'Rock (국내)', 'Blues (국내)', 'R&B / Soul (국내)', 'Rap / Hip-hop (국내)', 'Dance (국내)', 'Electronica (국내)']",['모든 분위기']
핑프,174000.0,279.0,132803687.0,763.0,475999.0,-,"['Ballad (국내)', 'Blues (국내)', 'Dance (국내)', 'Folk (국내)', 'R&B / Soul (국내)', 'Rap / Hip-hop (국내)', 'Rock (국내)', 'Electronica (국내)']",['모든 분위기']
낭만호테 해피챌린지100... ,142000.0,2321.0,10003263.0,70.0,4310.0,362,"['New Age', 'Classic', '뮤직테라피']",['모든 분위기']
호정 HOJUNG [𝐏𝐋𝐀𝐘𝐋𝐈𝐒𝐓],154000.0,90.0,29918784.0,194.0,332431.0,38332,"['Ballad (국내)', 'Folk (국내)', 'Rock (국내)', 'Blues (국내)', 'Blues (국외)', 'Country (국외)', 'Folk (국외)', 'Pop (국외)', 'R&B / Soul (국외)']",['모든 분위기']
이상한 나라의 매디,145000.0,331.0,77814723.0,537.0,235090.0,11523,"['Country (국외)', 'Folk (국외)', 'Pop (국외)', 'R&B / Soul (국외)', 'Rock (국외)']",['모든 분위기']
재즈오빠 Jazzoppa,176000.0,78.0,20902601.0,119.0,267982.0,23329,"['Jazz (국내)', 'Jazz (국외)', 'Blues (국외)']",['모든 분위기']
온에잇 𝐎𝐧 𝟖𝐢𝐠𝐡𝐭,134000.0,295.0,38939553.0,291.0,131998.0,6179,"['Rock (국내)', 'Rock (국외)']",['모든 분위기']
들어보송song,116000.0,454.0,33360615.0,288.0,73482.0,1953,"['Electronica (국외)', 'Folk (국외)', 'Pop (국외)', 'R&B / Soul (국외)', 'Rock (국외)']",['모든 분위기']
문화인 - MUN HWA IN,125000.0,860.0,34094990.0,273.0,39645.0,684,"['Ballad (국내)', 'Folk (국내)', 'Rock (국내)', 'Blues (국내)']",['모든 분위기']
낮달,146000.0,225.0,33263881.0,228.0,147839.0,19686,"['New Age', '기타']",['모든 분위기']
재하의 새벽 Jaeha's... ,128000.0,682.0,59891470.0,468.0,87817.0,895,"['Ballad (국내)', 'Folk (국내)', 'Rock (국내)', 'Blues (국내)']",['모든 분위기']
아틀란티스의 팝송채널,177000.0,1061.0,80499897.0,455.0,75872.0,2899,"['Blues (국외)', 'Country (국외)', 'Electronica (국외)', 'Folk (국외)', 'Pop (국외)', 'EDM (국외)', 'R&B / Soul (국외)', 'Rap / Hip-hop (국외)', 'Rock (국외)', 'CCM (국외)', 'Jazz (국외)', 'OST (국외)']",[]
나의플레이리스트 ɴᴀᴘʟʏ,114000.0,102.0,51776279.0,454.0,507611.0,17983,"['Ballad (국내)', 'Blues (국내)', 'Dance (국내)', 'Folk (국내)', 'R&B / Soul (국내)', 'Rap / Hip-hop (국내)', 'Rock (국내)', 'Electronica (국내)']",['모든 분위기']
이맹구,107000.0,55.0,21627521.0,202.0,393228.0,3784,"['R&B / Soul (국내)', 'Rap / Hip-hop (국내)', 'Rock (국내)', 'Electronica (국내)', 'Electronica (국외)', 'Pop (국외)', 'R&B / Soul (국외)', 'Rap / Hip-hop (국외)', 'Rock (국외)']",['모든 분위기']
레이백 ʟᴀʏʙᴀᴄᴋ,158000.0,104.0,24815744.0,157.0,238613.0,9450,"['Rap / Hip-hop (국내)', 'R&B / Soul (국내)', 'R&B / Soul (국외)', 'Rap / Hip-hop (국외)', 'Pop (국외)', 'Rap / Hip-hop (국외)', 'Rock (국외)']",['모든 분위기']
마인드피아노 MIND PIANO,132000.0,282.0,66114254.0,501.0,234448.0,1805,['New Age'],['모든 분위기']
스너그 ᴘʟᴀʏʟɪꜱᴛ,117000.0,647.0,79624033.0,681.0,123067.0,2315,"['Dance (국내)', 'Rap / Hip-hop (국내)', 'R&B / Soul (국내)', 'Ballad (국내)', 'Folk (국내)', 'Rock (국내)', 'Blues (국내)', 'Pop (국외)', 'Rap / Hip-hop (국외)', 'R&B / Soul (국외)']",['모든 분위기']
쉐어룸 ꜱʜᴀʀᴇ ʀᴏᴏᴍ,102000.0,240.0,27328923.0,268.0,113871.0,2752,"['Ballad (국내)', 'Blues (국내)', 'Dance (국내)', 'Folk (국내)', 'R&B / Soul (국내)', 'Rap / Hip-hop (국내)', 'Rock (국내)', 'Electronica (국내)', 'Blues (국외)', 'Country (국외)', 'Electronica (국외)', 'Folk (국외)', 'Pop (국외)', 'EDM (국외)', 'R&B / Soul (국외)', 'Rap / Hip-hop (국외)', 'Rock (국외)']",['모든 분위기']
윤시월,105000.0,112.0,10862028.0,103.0,96982.0,10848,"['Ballad (국내)', 'Folk (국내)', 'Rock (국내)', 'Blues (국내)']",['모든 분위기']
쥅쥅,132000.0,1161.0,82339959.0,624.0,70922.0,1014,"['R&B / Soul (국내)', 'Rap / Hip-hop (국내)', 'Rock (국내)', 'Electronica (국내)', 'Electronica (국외)', 'Pop (국외)', 'R&B / Soul (국외)', 'Rap / Hip-hop (국외)', 'Rock (국외)']",['모든 분위기']
언노움 ᴜɴᴋɴᴏᴡᴍ,108000.0,233.0,40084155.0,371.0,172035.0,8730,"['Ballad (국내)', 'Blues (국내)', 'Dance (국내)', 'Folk (국내)', 'R&B / Soul (국내)', 'Rap / Hip-hop (국내)', 'Rock (국내)', 'Electronica (국내)', 'Jazz (국내)', 'OST (국내)', 'Blues (국외)', 'Country (국외)', 'Electronica (국외)', 'Folk (국외)', 'Pop (국외)', 'EDM (국외)', 'R&B / Soul (국외)', 'Rap / Hip-hop (국외)', 'Rock (국외)', 'New Age', 'Classic']",['모든 분위기']
별빛바램 ᴘʟᴀʏʟɪsᴛ,98800.0,39.0,21206453.0,215.0,543755.0,-,"['Dance (국내)', 'R&B / Soul (국내)', 'Ballad (국내)', 'Ballad (국내)', 'Rap / Hip-hop (국내)']",['모든 분위기']
팝플리,102000.0,42.0,273410.0,3.0,6510.0,13402,"['Blues (국외)', 'Country (국외)', 'Electronica (국외)', 'Folk (국외)', 'Pop (국외)', 'EDM (국외)', 'R&B / Soul (국외)', 'Rap / Hip-hop (국외)', 'Rock (국외)', 'CCM (국외)', 'Jazz (국외)', 'OST (국외)']",[]
덧칠The Chill,106000.0,146.0,24039947.0,227.0,164657.0,19255,"['R&B / Soul (국내)', 'Rap / Hip-hop (국내)', 'Rock (국내)', 'Electronica (국내)', 'Electronica (국외)', 'Pop (국외)', 'R&B / Soul (국외)', 'Rap / Hip-hop (국외)', 'Rock (국외)']",['모든 분위기']
wave,132000.0,82.0,13770950.0,104.0,167938.0,30050,"['New Age', 'Classic', 'R&B / Soul (국외)', 'Blues (국내)', 'Folk (국내)', 'Blues (국외)', 'Folk (국외)']",['모든 분위기']
남자사람친구,99300.0,622.0,60088643.0,605.0,96606.0,299,"['Ballad (국내)', 'Blues (국내)', 'Dance (국내)', 'Folk (국내)', 'R&B / Soul (국내)', 'Rap / Hip-hop (국내)', 'Rock (국내)', 'Electronica (국내)']",['모든 분위기']
인디인디 In The Indie,135000.0,1125.0,63472077.0,470.0,56420.0,1464,"['Ballad (국내)', 'Folk (국내)', 'Rock (국내)', 'Blues (국내)', 'R&B / Soul (국내)']",['모든 분위기']
비쁠,107000.0,149.0,22552914.0,211.0,151362.0,20580,"['Electronica (J-Pop)', 'Pop (J-Pop)', 'R&B / Soul (J-Pop)', 'Rap / Hip-hop (J-Pop)', 'Rock (J-Pop)']",['모든 분위기']
찬사,101000.0,68.0,15531783.0,154.0,228409.0,24498,"['Electronica (국외)', 'New Age', 'Classic', '뮤직테라피']",['모든 분위기']
맛있는음악박사,159000.0,408.0,207814321.0,1307.0,509349.0,-,"['Blues (국내)', 'R&B / Soul (국내)', 'Rap / Hip-hop (국내)', 'Pop (국외)', 'R&B / Soul (국외)', 'Rap / Hip-hop (국외)']",['모든 분위기']
바이올렛 피즈 Violet fizz,89300.0,272.0,25594436.0,287.0,94097.0,-,"['Blues (국외)', 'Country (국외)', 'Electronica (국외)', 'Folk (국외)', 'Pop (국외)', 'EDM (국외)', 'R&B / Soul (국외)', 'Rap / Hip-hop (국외)', 'Rock (국외)']",['모든 분위기']
아무튼,112000.0,19.0,17567212.0,157.0,924590.0,133808,"['기타', 'New Age']",['모든 분위기']
youngJU_the muze,95300.0,317.0,117041212.0,1228.0,369215.0,1562,[],['모든 분위기']
아 퇴사하고싶다,87900.0,756.0,39623212.0,451.0,52412.0,187,"['Ballad (국내)', 'Dance (국내)', 'R&B / Soul (국내)', 'Rap / Hip-hop (국내)', 'Rock (국내)']",['모든 분위기']
𝐲𝐮𝐧𝐳𝐢𝐳𝐢 윤지지,117000.0,59.0,18447577.0,158.0,312671.0,33053,"['New Age', 'Classic', '뮤직테라피']",['모든 분위기']
내가 듣고싶어서 만든... ,96100.0,121.0,15546282.0,162.0,128482.0,70056,"['R&B / Soul (국내)', 'Rap / Hip-hop (국내)', 'Rock (국내)', 'Electronica (국내)', 'Electronica (국외)', 'Pop (국외)', 'R&B / Soul (국외)', 'Rap / Hip-hop (국외)', 'Rock (국외)']",['모든 분위기']
조거북,86700.0,341.0,89632622.0,1034.0,262852.0,2163,"['Ballad (국내)', 'Dance (국내)', 'Rock (국내)', 'Electronica (국내)', 'OST (국내)']",['모든 분위기']
형빈 Thinking about you,84600.0,332.0,24879282.0,294.0,74938.0,860,"['R&B / Soul (국내)', 'Rap / Hip-hop (국내)', 'R&B / Soul (국외)', 'Rap / Hip-hop (국외)', 'Rap / Hip-hop (국외)', 'Pop (국외)']",['모든 분위기']
김파란,93400.0,85.0,15715821.0,168.0,184892.0,387120,"['Country (국외)', 'Electronica (국외)', 'Folk (국외)', 'Pop (국외)', 'R&B / Soul (국외)', 'Rock (국외)']",['모든 분위기']
구구 Playlist,83900.0,195.0,74551645.0,889.0,382316.0,11736,"['Ballad (국내)', 'Dance (국내)', 'Rock (국내)', 'Electronica (국내)', 'OST (국내)']",['모든 분위기']
"Seongbeen, The Mournful... ",79700.0,68.0,11813625.0,148.0,173730.0,3930,"['Ballad (국내)', 'Blues (국내)', 'Dance (국내)', 'Folk (국내)', 'R&B / Soul (국내)', 'Rap / Hip-hop (국내)', 'Rock (국내)', 'Electronica (국내)', 'Jazz (국내)', 'Blues (국외)', 'Country (국외)', 'Electronica (국외)', 'Folk (국외)', 'Pop (국외)', 'EDM (국외)', 'R&B / Soul (국외)', 'Rap / Hip-hop (국외)', 'Rock (국외)', 'Electronica (J-Pop)', 'Pop (J-Pop)', 'R&B / Soul (J-Pop)', 'Rap / Hip-hop (J-Pop)', 'Rock (J-Pop)']",['모든 분위기']
릴숭어 lil mullet,103000.0,244.0,36827911.0,358.0,150934.0,1813,"['R&B / Soul (국내)', 'Rap / Hip-hop (국내)']",['모든 분위기']
브오라 Brilliant Audio... ,93800.0,102.0,11512440.0,123.0,112867.0,29274,"['Pop (국외)', 'Blues (국외)', 'Jazz (국외)', 'R&B / Soul (국외)', 'Folk (국외)']",['모든 분위기']
흰토커,77700.0,968.0,77134017.0,993.0,79684.0,471,[],['모든 분위기']
김쿡은 너를 보고 웃지,73900.0,67.0,18992883.0,257.0,283476.0,10858,"['Ballad (국내)', 'Folk (국내)', 'Rock (국내)', 'Blues (국내)']",['모든 분위기']
세레나Serena,72000.0,91.0,27502820.0,382.0,302229.0,-,"['Pop (국외)', 'Electronica (국외)', 'EDM (국외)', 'R&B / Soul (국외)', 'Rap / Hip-hop (국외)']",['모든 분위기']
It's me. Hello.,94900.0,815.0,20357048.0,215.0,24978.0,1282,"['Blues (국외)', 'Country (국외)', 'Folk (국외)', 'Pop (국외)', 'Blues (국내)', 'Folk (국내)', 'R&B / Soul (국내)']",['모든 분위기']
뮤직쿠키 music cookie,66600.0,60.0,17374096.0,261.0,289568.0,-,"['R&B / Soul (국내)', 'Rap / Hip-hop (국내)', 'Ballad (국내)', 'Folk (국내)', 'Rock (국내)', 'Blues (국내)']",['모든 분위기']
조기,83300.0,130.0,9760986.0,117.0,75085.0,10261,"['Rap / Hip-hop (국외)', 'R&B / Soul (국외)', 'R&B / Soul (국내)', 'Rap / Hip-hop (국내)']",['모든 분위기']
audioolny-오디오온니,69100.0,78.0,11129256.0,161.0,142683.0,-,"['Electronica (국외)', 'Pop (국외)', 'EDM (국외)', 'R&B / Soul (국외)', 'Rap / Hip-hop (국외)', 'Jazz (국외)', 'New Age']",['모든 분위기']
라디안트RADIANT,73700.0,155.0,24031651.0,326.0,155043.0,15870,"['Ballad (국내)', 'Folk (국내)', 'Rock (국내)', 'Blues (국내)', 'Pop (국외)', 'R&B / Soul (국외)', 'Country (국외)', 'Blues (국외)', 'Jazz (국외)']",['모든 분위기']
하루플리 𝒉𝒂𝒓𝒖𝒑𝒍𝒚,66500.0,326.0,26758156.0,402.0,82080.0,825,"['Ballad (국내)', 'Blues (국내)', 'Folk (국내)', 'R&B / Soul (국내)', 'OST (국내)', 'New Age']",['모든 분위기']
얘들아 사랑해,66400.0,111.0,68980263.0,1039.0,621444.0,66454,"['Dance (국내)', 'R&B / Soul (국내)', 'Ballad (국내)']",['모든 분위기']
피달소 Pidalso,76500.0,182.0,43283110.0,566.0,237819.0,14554,"['OST (국내)', 'OST (국외)', 'New Age', 'Classic', '뮤직테라피']",['모든 분위기']
플레이 PㄴAY,79600.0,97.0,13922537.0,175.0,143531.0,23823,"['Dance (국내)', 'Rock (국내)', 'R&B / Soul (국내)', 'Ballad (국내)', 'Rap / Hip-hop (국내)', 'Pop (국외)', 'R&B / Soul (국외)']",['모든 분위기']
그냥playlist,62700.0,82.0,12632440.0,201.0,154054.0,3885,"['R&B / Soul (국내)', 'Rap / Hip-hop (국내)']",['모든 분위기']
도도리스,71000.0,168.0,10938744.0,154.0,65112.0,1077,"['Pop (국외)', 'Folk (국외)', 'Country (국외)']",['모든 분위기']
릴페퍼,62100.0,188.0,31326294.0,504.0,166629.0,3774,"['R&B / Soul (국내)', 'Rap / Hip-hop (국내)', 'Rock (국내)', 'Electronica (국내)']",['모든 분위기']
반고흐가 되고싶어 Playlist,80700.0,51.0,21964228.0,272.0,430671.0,38169,"['Blues (국외)', 'Country (국외)', 'Electronica (국외)', 'Folk (국외)', 'Pop (국외)', 'EDM (국외)', 'R&B / Soul (국외)', 'Rap / Hip-hop (국외)', 'Rock (국외)', 'CCM (국외)', 'Jazz (국외)', 'OST (국외)']",[]
박드덕,62200.0,37.0,12152052.0,195.0,328434.0,-,['OST (국내)'],['모든 분위기']
샵일삼#13,59200.0,185.0,12584692.0,213.0,68025.0,1000,"['Blues (국외)', 'Country (국외)', 'Electronica (국외)', 'Folk (국외)', 'Pop (국외)', 'EDM (국외)', 'R&B / Soul (국외)', 'Rap / Hip-hop (국외)', 'Rock (국외)', 'CCM (국외)', 'Jazz (국외)', 'OST (국외)']",['모든 분위기']
My Little Room,59500.0,104.0,6924633.0,116.0,66583.0,581,"['Blues (국외)', 'Country (국외)', 'Folk (국외)', 'Pop (국외)', 'Rock (국외)', 'Blues (국내)', 'Folk (국내)', 'R&B / Soul (국내)', 'Rock (국내)']",['모든 분위기']
Mean Playlist_민뮤직,60800.0,470.0,33753697.0,555.0,71816.0,400,"['Ballad (국내)', 'Blues (국내)', 'Dance (국내)', 'Folk (국내)', 'R&B / Soul (국내)', 'Rap / Hip-hop (국내)', 'Rock (국내)', 'OST (국내)']",['모든 분위기']
우야 𝙇𝙤𝙪𝙣𝙜𝙚,59100.0,256.0,18534903.0,314.0,72402.0,3172,"['R&B / Soul (국내)', 'Rap / Hip-hop (국내)', 'R&B / Soul (국외)', 'Rap / Hip-hop (국외)']",['모든 분위기']
몽땅 MOD,64700.0,375.0,16160647.0,250.0,43095.0,2052,"['Ballad (국내)', 'Blues (국내)', 'Dance (국내)', 'Folk (국내)', 'R&B / Soul (국내)', 'Rap / Hip-hop (국내)', 'Rock (국내)', 'Electronica (국내)', 'Jazz (국내)', 'Blues (국외)', 'Country (국외)', 'Electronica (국외)', 'Folk (국외)', 'Pop (국외)', 'EDM (국외)', 'R&B / Soul (국외)', 'Rap / Hip-hop (국외)', 'Rock (국외)']",['모든 분위기']
Melody Note 멜로디노트,68600.0,43.0,23510326.0,343.0,546752.0,12441,"['Jazz (국내)', 'Jazz (국외)', 'New Age', 'Classic', '뮤직테라피']",['모든 분위기']
thermosento,71200.0,24.0,7785571.0,109.0,324399.0,107792,"['New Age', 'Classic']",[]
무언가 無言歌,56600.0,9.0,2502304.0,44.0,278034.0,-,['Classic'],['모든 분위기']
지녀 𝐆𝐧𝐲𝐞𝐨,60900.0,437.0,25165385.0,413.0,57587.0,1222,"['Ballad (국내)', 'Blues (국내)', 'Dance (국내)', 'Folk (국내)', 'R&B / Soul (국내)', 'Rap / Hip-hop (국내)', 'Rock (국내)', 'Electronica (국내)', 'Jazz (국내)', 'Blues (국외)', 'Country (국외)', 'Electronica (국외)', 'Folk (국외)', 'Pop (국외)', 'EDM (국외)', 'R&B / Soul (국외)', 'Rap / Hip-hop (국외)', 'Rock (국외)', 'Electronica (J-Pop)', 'Pop (J-Pop)', 'R&B / Soul (J-Pop)', 'Rap / Hip-hop (J-Pop)', 'Rock (J-Pop)']",['모든 분위기']
재즈 리스트 l Jazz List,86600.0,73.0,16317220.0,188.0,223524.0,17026,"['Folk (국내)', 'Blues (국내)', 'Ballad (국내)']",['모든 분위기']
절리,55800.0,229.0,63202599.0,1133.0,275994.0,3383,"['Blues (국외)', 'Country (국외)', 'Electronica (국외)', 'Folk (국외)', 'Pop (국외)', 'EDM (국외)', 'R&B / Soul (국외)', 'Rap / Hip-hop (국외)', 'Rock (국외)', 'CCM (국외)', 'Jazz (국외)', 'OST (국외)']",['모든 분위기']
사계 ꜰᴏᴜʀ sᴇᴀsᴏɴs,69500.0,232.0,14216832.0,205.0,61279.0,955,"['Jazz (국외)', 'Blues (국외)', 'Country (국외)', 'R&B / Soul (국외)', 'Folk (국외)', 'Pop (국외)']",['모든 분위기']
노래한모금모금,61300.0,51.0,22717502.0,371.0,445441.0,63164,"['Electronica (J-Pop)', 'Pop (J-Pop)', 'R&B / Soul (J-Pop)', 'Rap / Hip-hop (J-Pop)', 'Rock (J-Pop)']",[]
소심 ᴘʟᴀʏʟɪsᴛ,53200.0,132.0,9888660.0,186.0,74914.0,6820,"['Blues (국내)', 'Folk (국내)', 'R&B / Soul (국내)']",['모든 분위기']
무디MUDI,52300.0,82.0,10200789.0,195.0,124400.0,37438,"['R&B / Soul (국외)', 'Pop (국외)', 'R&B / Soul (국내)', 'Ballad (국내)', 'Rap / Hip-hop (국내)']",['모든 분위기']
뭉게뭉게,49900.0,78.0,29316245.0,587.0,375849.0,-,"['Ballad (국내)', 'Folk (국내)', 'Rock (국내)', 'Blues (국내)']",['모든 분위기']
새로플리 ISERO PLAYLIST,49100.0,171.0,12830852.0,261.0,75034.0,1094,"['R&B / Soul (국내)', 'Rap / Hip-hop (국내)', 'Rock (국내)', 'R&B / Soul (국외)', 'Rap / Hip-hop (국외)']",['모든 분위기']
love is all around,52200.0,131.0,8597196.0,165.0,65627.0,8465,"['Ballad (국내)', 'Blues (국내)', 'Dance (국내)', 'Folk (국내)', 'R&B / Soul (국내)']",['모든 분위기']
후알유,71000.0,171.0,24145106.0,340.0,141199.0,2207,"['Ballad (국내)', 'Folk (국내)', 'Rock (국내)', 'Blues (국내)', 'R&B / Soul (국내)']",['모든 분위기']
트로트 미디어_인기 트로트 모음,49000.0,228.0,15767377.0,322.0,69155.0,125,['트로트'],['모든 분위기']
Lyrics_Midnight,47800.0,706.0,19647284.0,411.0,27829.0,1845,"['Ballad (국내)', 'Blues (국내)', 'Folk (국내)', 'R&B / Soul (국내)']",['모든 분위기']
미위그 𝙈𝙄𝘿𝙉𝙄𝙂𝙃𝙏 𝙒𝙄𝙏𝙃... ,47800.0,370.0,6887066.0,144.0,18614.0,2994,"['Electronica (J-Pop)', 'Pop (J-Pop)', 'R&B / Soul (J-Pop)', 'Rap / Hip-hop (J-Pop)', 'Rock (J-Pop)']",['모든 분위기']
김로라,90100.0,302.0,80689484.0,896.0,267184.0,270013,"['Ballad (국내)', 'Dance (국내)', 'Rock (국내)', 'Electronica (국내)', 'OST (국내)']",['모든 분위기']
tamachimusic,44700.0,93.0,10178857.0,228.0,109450.0,3709,"['Blues (국외)', 'Country (국외)', 'Folk (국외)', 'Pop (국외)', 'Rock (국외)']",['모든 분위기']
ourneeds.,44200.0,180.0,3834606.0,87.0,21303.0,917,"['Ballad (국내)', 'Blues (국내)', 'Dance (국내)', 'Folk (국내)', 'R&B / Soul (국내)', 'Rap / Hip-hop (국내)', 'Rock (국내)', 'Electronica (국내)', 'OST (국내)']",['모든 분위기']
동그라미 circlemusic,44100.0,27.0,38271307.0,868.0,1417456.0,-,"['Dance (국내)', 'R&B / Soul (국내)', 'Rap / Hip-hop (국내)', 'Ballad (국내)']",['모든 분위기']
"hello, sunset",61900.0,87.0,18897838.0,305.0,217217.0,4827,"['New Age', 'Classic', '뮤직테라피', 'Ballad (국내)', 'Blues (국내)', 'Folk (국내)', 'Rock (국내)']",['모든 분위기']
뮤트 Playlist,46800.0,387.0,22415500.0,479.0,57921.0,242,"['R&B / Soul (국내)', 'Rap / Hip-hop (국내)', 'Dance (국내)', 'Ballad (국내)']",['모든 분위기']
연록YoenGreen,46900.0,130.0,11640661.0,248.0,89544.0,52419,"['OST (국내)', 'OST (국외)', 'New Age', 'Classic', '뮤직테라피']",['모든 분위기']
음악의발견,51700.0,442.0,17604088.0,341.0,39828.0,173,"['트로트', 'Ballad (국내)', 'Blues (국내)', 'Dance (국내)', 'Folk (국내)', 'R&B / Soul (국내)', 'Rap / Hip-hop (국내)', 'Rock (국내)', 'Electronica (국내)', 'Jazz (국내)', 'OST (국내)']",['모든 분위기']
oof D,48000.0,135.0,11711443.0,244.0,86751.0,13432,"['Blues (국외)', 'Country (국외)', 'Folk (국외)', 'Pop (국외)', 'Rock (국외)', 'Blues (국내)', 'Dance (국내)', 'Folk (국내)', 'R&B / Soul (국내)', 'Rock (국내)']",['모든 분위기']
도플리 ᴅᴏʙʙʏ's ᴘʟᴀʏʟɪsᴛ,63200.0,255.0,52999589.0,839.0,207842.0,-,"['Pop (국외)', 'R&B / Soul (국외)', 'Dance (국내)', 'R&B / Soul (국내)']",['모든 분위기']
미세,44800.0,21.0,5327441.0,119.0,253688.0,110132,"['Ballad (국내)', 'Folk (국내)', 'Rock (국내)', 'Blues (국내)']",['모든 분위기']
하얀 눈,44000.0,76.0,11459199.0,260.0,150779.0,2660,"['Blues (국외)', 'Country (국외)', 'Electronica (국외)', 'Folk (국외)', 'Pop (국외)', 'R&B / Soul (국외)', 'Jazz (국외)']",['모든 분위기']
힙재 HIPJAE 🎵,47800.0,28.0,19669685.0,411.0,702489.0,88032,"['R&B / Soul (국내)', 'Rap / Hip-hop (국내)', 'Dance (국내)']",['모든 분위기']
Music is blooming,41200.0,110.0,15698277.0,381.0,142712.0,8705,"['Electronica (국외)', 'Folk (국외)', 'Pop (국외)', 'R&B / Soul (국외)', 'Rock (국외)']",['모든 분위기']
JesusRoad 지저스로드,41400.0,62.0,5439550.0,131.0,87735.0,2680,"['CCM (국내)', 'CCM (국외)']",['모든 분위기']
Mood Rainbow,40300.0,58.0,8829873.0,219.0,152239.0,4046,"['Jazz (국내)', 'Jazz (국외)', 'Electronica (국외)', 'Rock (국내)', 'Folk (국내)']",['모든 분위기']
퍼플리셔스ᴘᴜʀᴘʟɪᴄɪᴏᴜs,40600.0,164.0,26381496.0,650.0,160863.0,967,"['Electronica (J-Pop)', 'Pop (J-Pop)', 'R&B / Soul (J-Pop)', 'Rap / Hip-hop (J-Pop)', 'Rock (J-Pop)', 'Ballad (국내)', 'Folk (국내)', 'Rock (국내)', 'Blues (국내)', 'Pop (국외)', 'R&B / Soul (국외)', 'Electronica (국외)']",['모든 분위기']
네방구석카세트가되고싶어,38700.0,93.0,7253081.0,187.0,77990.0,3064,"['Ballad (국내)', 'Folk (국내)', 'Rock (국내)', 'Blues (국내)', 'R&B / Soul (국내)']",['모든 분위기']
이지스튜디오 EASY STUDIO,46300.0,108.0,49012501.0,1059.0,453819.0,15881,"['Ballad (국내)', 'Dance (국내)', 'Rock (국내)', 'Electronica (국내)', 'OST (국내)']",['모든 분위기']
에쎈띡video,41400.0,149.0,8649298.0,209.0,58049.0,4388,"['Jazz (국외)', 'Blues (국외)', 'Country (국외)', 'R&B / Soul (국외)']",['모든 분위기']
about :,55400.0,100.0,10528609.0,190.0,105286.0,8561,"['Blues (국외)', 'Country (국외)', 'Folk (국외)', 'Pop (국외)', 'R&B / Soul (국외)', 'Jazz (국외)', 'OST (국외)', 'Electronica (국외)', 'Rock (국외)']",['모든 분위기']
Xin,61700.0,20.0,3075501.0,50.0,153775.0,355871,"['R&B / Soul (국내)', 'Rap / Hip-hop (국내)', 'Rock (국내)', 'Electronica (국내)', 'Electronica (국외)', 'Pop (국외)', 'R&B / Soul (국외)', 'Rap / Hip-hop (국외)', 'Rock (국외)']",[]
형플리 hyungplay,35700.0,32.0,11968945.0,335.0,374030.0,4320,"['Pop (국외)', 'R&B / Soul (국외)']",['모든 분위기']
Record Shop,37900.0,58.0,19055602.0,503.0,328545.0,126758,"['Electronica (J-Pop)', 'Pop (J-Pop)', 'R&B / Soul (J-Pop)', 'Rap / Hip-hop (J-Pop)', 'Rock (J-Pop)']",['모든 분위기']
왜자꾸날Piano | NalPiano,40400.0,157.0,17971261.0,445.0,114467.0,1066,"['New Age', 'Classic', '뮤직테라피']",['모든 분위기']
luv or not,77000.0,109.0,5901203.0,77.0,54139.0,1561,"['New Age', 'Jazz (국내)', 'Jazz (국외)']","['평화로움', '행진', '떠있는 느낌']"
비비 플레이리스트 BB Playlist,36200.0,5316.0,18601221.0,514.0,3499.0,238,"['Ballad (국내)', 'Blues (국내)', 'Dance (국내)', 'Folk (국내)', 'R&B / Soul (국내)', 'Rap / Hip-hop (국내)', 'Rock (국내)', 'Electronica (국내)', 'Jazz (국내)', 'OST (국내)']",['모든 분위기']
슈바미,42100.0,131.0,32180662.0,764.0,245654.0,-,"['Pop (국외)', 'R&B / Soul (국외)', 'Rap / Hip-hop (국외)']",['모든 분위기']
song for you.,61400.0,101.0,36264466.0,591.0,359054.0,5764,"['Blues (국외)', 'Country (국외)', 'Electronica (국외)', 'Folk (국외)', 'Pop (국외)', 'EDM (국외)', 'R&B / Soul (국외)', 'Rap / Hip-hop (국외)', 'Rock (국외)', 'CCM (국외)', 'Jazz (국외)', 'OST (국외)']",['모든 분위기']
onceuponatime,33500.0,5.0,5267222.0,157.0,1053444.0,1478,"['Rap / Hip-hop (국내)', 'Rap / Hip-hop (국외)', 'Ballad (국내)', 'Folk (국내)', 'Rock (국내)', 'Blues (국내)', 'R&B / Soul (국내)', 'Electronica (국외)', 'Pop (국외)']",['모든 분위기']
굴비,34700.0,49.0,5080579.0,146.0,103685.0,7250,"['Ballad (국내)', 'Blues (국내)', 'Dance (국내)', 'R&B / Soul (국내)', 'Folk (국내)', 'Rap / Hip-hop (국내)', 'Rock (국내)', 'Electronica (국내)', 'OST (국내)']",['모든 분위기']
Billi Records 빌리 레코즈,35800.0,141.0,4618998.0,129.0,32759.0,1284,"['R&B / Soul (국내)', 'R&B / Soul (국외)', 'Rap / Hip-hop (국외)']",['모든 분위기']
Hello Laura’s,33500.0,269.0,9349982.0,279.0,34758.0,1213,"['Blues (국외)', 'Country (국외)', 'Electronica (국외)', 'Folk (국외)', 'Pop (국외)', 'EDM (국외)', 'R&B / Soul (국외)', 'Rap / Hip-hop (국외)', 'Rock (국외)', 'CCM (국외)', 'Jazz (국외)', 'OST (국외)']",['모든 분위기']
도도독,32700.0,32.0,537903.0,16.0,16809.0,-,[],[]
이저녁,37100.0,6.0,11453486.0,309.0,1908914.0,123752,"['Pop (국외)', 'Jazz (국외)', 'Blues (국외)', 'Folk (국외)', 'Country (국외)', 'R&B / Soul (국외)']",['모든 분위기']
안갬성,32800.0,53.0,6207098.0,189.0,117115.0,1744,"['Folk (국내)', 'R&B / Soul (국내)', 'Electronica (국내)', 'Electronica (국외)', 'Folk (국외)', 'Pop (국외)', 'R&B / Soul (국외)']",['모든 분위기']
Mellow Groovy Sounds,32500.0,13.0,3898721.0,120.0,299902.0,207324,"['Blues (국외)', 'Country (국외)', 'Folk (국외)', 'Pop (국외)', 'Rock (국외)', 'Folk (국내)', 'Rock (국내)', 'Blues (국내)']",['모든 분위기']
외로움을 즐겨,33300.0,21.0,6207111.0,186.0,295577.0,9904,"['Ballad (국내)', 'Folk (국내)', 'Rock (국내)', 'Blues (국내)', 'R&B / Soul (국내)']",['모든 분위기']
Jeong,30700.0,61.0,4317486.0,141.0,70778.0,4205,"['Ballad (국내)', 'Folk (국내)', 'Rock (국내)', 'Pop (국외)', 'Blues (국내)']",['모든 분위기']
훈수두지마라탕.,29800.0,58.0,6146420.0,206.0,105973.0,9088,"['Ballad (국내)', 'Blues (국내)', 'Dance (국내)', 'R&B / Soul (국내)', 'Folk (국내)', 'Rap / Hip-hop (국내)', 'Rock (국내)', 'Electronica (국내)', 'OST (국내)']",['모든 분위기']
저포유 Just For You,32600.0,47.0,16180927.0,496.0,344275.0,95994,"['R&B / Soul (국내)', 'Rap / Hip-hop (국내)', 'Ballad (국내)', 'Folk (국내)', 'Rock (국내)', 'Blues (국내)']",['모든 분위기']
분홍,48300.0,188.0,12639575.0,262.0,67232.0,4104,"['Electronica (J-Pop)', 'Pop (J-Pop)', 'R&B / Soul (J-Pop)', 'Rap / Hip-hop (J-Pop)', 'Rock (J-Pop)']",['모든 분위기']
띵곡맛집🎵,31100.0,481.0,14900379.0,479.0,30978.0,626,"['Ballad (국내)', 'Blues (국내)', 'Dance (국내)', 'R&B / Soul (국내)', 'Folk (국내)', 'Rap / Hip-hop (국내)', 'Rock (국내)', 'Electronica (국내)', 'OST (국내)']",['모든 분위기']
from WOONGI,31800.0,48.0,6434518.0,202.0,134052.0,5314,"['Blues (국외)', 'Country (국외)', 'Electronica (국외)', 'Folk (국외)', 'Pop (국외)', 'EDM (국외)', 'R&B / Soul (국외)', 'Rap / Hip-hop (국외)', 'Rock (국외)', 'CCM (국외)', 'Jazz (국외)', 'OST (국외)']",['모든 분위기']
청진기,27600.0,331.0,13073520.0,474.0,39497.0,-,"['New Age', 'Classic', '뮤직테라피']",['모든 분위기']
제리,42400.0,296.0,12111949.0,286.0,40919.0,3249,"['Ballad (국내)', 'Blues (국내)', 'Folk (국내)', 'Rock (국내)', 'Rap / Hip-hop (국내)', 'R&B / Soul (국외)', 'Pop (국외)', 'R&B / Soul (국외)']",['모든 분위기']
Chill Playlist,27100.0,0.0,404944.0,15.0,,14948,"['Blues (국외)', 'Country (국외)', 'Electronica (국외)', 'Folk (국외)', 'Pop (국외)', 'EDM (국외)', 'R&B / Soul (국외)', 'Rap / Hip-hop (국외)', 'Rock (국외)', 'CCM (국외)', 'Jazz (국외)', 'OST (국외)']",[]
음악공장장,28700.0,47.0,11774947.0,410.0,250531.0,21543,"['트로트', 'Ballad (국내)', 'Blues (국내)', 'Dance (국내)', 'Folk (국내)', 'R&B / Soul (국내)', 'Rap / Hip-hop (국내)', 'Rock (국내)', 'Electronica (국내)', 'Jazz (국내)', 'OST (국내)']",['모든 분위기']
904day,38400.0,249.0,19119239.0,498.0,76784.0,1688,"['Ballad (국내)', 'Folk (국내)', 'Rock (국내)', 'Rap / Hip-hop (국내)', 'R&B / Soul (국내)', 'Blues (국내)']",['모든 분위기']
HoMu,39600.0,87.0,9408106.0,238.0,108139.0,3148,"['Blues (국외)', 'Country (국외)', 'Electronica (국외)', 'Folk (국외)', 'Pop (국외)', 'EDM (국외)', 'R&B / Soul (국외)', 'Rap / Hip-hop (국외)', 'Rock (국외)', 'CCM (국외)', 'Jazz (국외)', 'OST (국외)']",['모든 분위기']
팝박스,37900.0,103.0,35266218.0,931.0,342390.0,-,"['Electronica (국외)', 'Folk (국외)', 'Pop (국외)', 'R&B / Soul (국외)', 'Rock (국외)']",['모든 분위기']
Animación BLUEY,25600.0,74.0,5921669.0,231.0,80023.0,1077,[],[]
544 _,34000.0,198.0,15006570.0,441.0,75791.0,2486,"['Country (국외)', 'Electronica (국외)', 'Folk (국외)', 'Pop (국외)', 'R&B / Soul (국외)', 'Rock (국외)']",['모든 분위기']
바나나뮤직,28200.0,608.0,34795265.0,1234.0,57229.0,11786,"['Ballad (국내)', 'Blues (국내)', 'Dance (국내)', 'Folk (국내)', 'R&B / Soul (국내)', 'Rap / Hip-hop (국내)', 'Rock (국내)', 'Electronica (국내)', 'Jazz (국내)', 'OST (국내)']",['모든 분위기']
유니키즈,29700.0,36.0,11560536.0,389.0,321126.0,11752,"['어린이음악', 'New Age', '뮤직테라피', 'Classic', 'Pop (국외)', 'Jazz (국외)']",['모든 분위기']
아드레날린,42500.0,482.0,139190298.0,3275.0,288777.0,2885,"['Ballad (국내)', 'Blues (국내)', 'Dance (국내)', 'Folk (국내)', 'R&B / Soul (국내)', 'Rap / Hip-hop (국내)', 'Rock (국내)', 'Electronica (국내)', 'Jazz (국내)', 'OST (국내)']",[]
똥꼬발랄 𝕡𝕝𝕒𝕪𝕝𝕚𝕤𝕥,25700.0,79.0,10468056.0,407.0,132507.0,10081,"['R&B / Soul (국내)', 'Rap / Hip-hop (국내)']",['모든 분위기']
유튜브앤레코드,23200.0,131.0,3958685.0,171.0,30219.0,810,"['Ballad (국내)', 'Blues (국내)', 'Dance (국내)', 'Folk (국내)', 'R&B / Soul (국내)', 'Rap / Hip-hop (국내)', 'Rock (국내)', 'Electronica (국내)', 'Jazz (국내)', 'OST (국내)']",['모든 분위기']
피스(cool peace),23600.0,195.0,10838053.0,459.0,55580.0,-,"['OST (국내)', 'OST (국외)', 'Electronica (J-Pop)', 'Pop (J-Pop)', 'R&B / Soul (J-Pop)', 'Rap / Hip-hop (J-Pop)', 'Rock (J-Pop)']",['모든 분위기']
차가운 국물,36800.0,341.0,44804543.0,1218.0,131392.0,1132,"['Ballad (국내)', 'Dance (국내)', 'Rock (국내)', 'Electronica (국내)', 'OST (국내)']",['모든 분위기']
토닥토닥ᵗᵒᵈᵃᵏᵗᵒᵈᵃᵏ,43700.0,273.0,32725000.0,749.0,119872.0,15505,"['Ballad (국내)', 'Blues (국내)', 'Dance (국내)', 'Folk (국내)', 'R&B / Soul (국내)', 'Rap / Hip-hop (국내)', 'Rock (국내)', 'Electronica (국내)', 'Jazz (국내)', 'Blues (국외)', 'Country (국외)', 'Electronica (국외)', 'Folk (국외)', 'Pop (국외)', 'EDM (국외)', 'R&B / Soul (국외)', 'Rap / Hip-hop (국외)', 'Rock (국외)', 'Electronica (J-Pop)', 'Pop (J-Pop)', 'R&B / Soul (J-Pop)', 'Rap / Hip-hop (J-Pop)', 'Rock (J-Pop)']",['모든 분위기']
한여백 餘白,29900.0,37.0,3613507.0,121.0,97662.0,6031,"['Ballad (국내)', 'Blues (국내)', 'Dance (국내)', 'Folk (국내)', 'R&B / Soul (국내)', 'Rap / Hip-hop (국내)', 'Rock (국내)', 'Electronica (국내)', 'Jazz (국내)', 'Blues (국외)', 'Country (국외)', 'Electronica (국외)', 'Folk (국외)', 'Pop (국외)', 'EDM (국외)', 'R&B / Soul (국외)', 'Rap / Hip-hop (국외)', 'Rock (국외)']",[]
뮤즈하우스MUSES' HOUSE,22100.0,34.0,4259123.0,193.0,125268.0,-,['Classic'],['모든 분위기']
로디,21400.0,235.0,19204998.0,897.0,81723.0,449,"['Ballad (국내)', 'Dance (국내)', 'Rock (국내)', 'Electronica (국내)', 'OST (국내)']",['모든 분위기']
마이오데스 My Odes,24300.0,32.0,9568270.0,394.0,299008.0,9944,"['New Age', 'Classic', '뮤직테라피', 'Blues (국내)', 'Folk (국내)', 'Rock (국내)']",['모든 분위기']
쥬크박스,21900.0,59.0,15732788.0,718.0,266657.0,62239,"['Ballad (국내)', 'Blues (국내)', 'Dance (국내)', 'Folk (국내)', 'R&B / Soul (국내)', 'Rap / Hip-hop (국내)', 'Rock (국내)', 'Electronica (국내)', 'OST (국내)']",['모든 분위기']
롱디see,,,,,,-,"['OST (국내)', 'OST (국외)', 'Electronica (J-Pop)', 'Pop (J-Pop)', 'R&B / Soul (J-Pop)', 'Rap / Hip-hop (J-Pop)', 'Rock (J-Pop)']",['모든 분위기']
오에니,37500.0,111.0,4936896.0,132.0,44477.0,3092,"['Jazz (국내)', 'Jazz (국외)', 'Classic', 'New Age', 'Classic', '뮤직테라피']",['모든 분위기']
saddd,18900.0,104.0,5245731.0,278.0,50440.0,1056,"['R&B / Soul (국내)', 'Rap / Hip-hop (국내)', 'R&B / Soul (국외)', 'Rap / Hip-hop (국외)']",['모든 분위기']
담에ᴅᴀᴍᴇᴀ,20300.0,58.0,5550321.0,273.0,95695.0,5164,"['Electronica (J-Pop)', 'Pop (J-Pop)', 'R&B / Soul (J-Pop)', 'Rap / Hip-hop (J-Pop)', 'Rock (J-Pop)', 'Rap / Hip-hop (국내)', 'Dance (국내)', 'Rock (국내)']",['모든 분위기']
𝗠𝗨𝗠𝗜𝗚𝗘 Ι 뮤미지,20000.0,69.0,2967280.0,148.0,43004.0,9795,"['Blues (국외)', 'Country (국외)', 'Folk (국외)', 'Pop (국외)', 'R&B / Soul (국외)', 'Jazz (국외)', 'OST (국외)', 'Electronica (국외)', 'Rock (국외)']",['모든 분위기']
쩌리뮤직... ,27000.0,215.0,13561498.0,502.0,63077.0,4335,"['Ballad (국내)', 'Blues (국내)', 'Dance (국내)', 'Folk (국내)', 'R&B / Soul (국내)', 'Rap / Hip-hop (국내)', 'Rock (국내)', 'Electronica (국내)', 'Jazz (국내)', 'OST (국내)']",['모든 분위기']
이준,18100.0,37.0,5055216.0,279.0,136627.0,1083,"['Ballad (국내)', 'Folk (국내)', 'Rock (국내)', 'Pop (국외)', 'Dance (국내)', 'R&B / Soul (국내)', 'Blues (국내)']",['모든 분위기']
파란하늘 Blue Sky,23200.0,201.0,7343680.0,317.0,36536.0,336,"['Blues (국외)', 'Country (국외)', 'Electronica (국외)', 'Folk (국외)', 'Pop (국외)', 'EDM (국외)', 'R&B / Soul (국외)', 'Rap / Hip-hop (국외)', 'Rock (국외)', 'CCM (국외)', 'Jazz (국외)', 'OST (국외)']",['모든 분위기']
치아바타 스튜디오,24300.0,292.0,2847725.0,117.0,9752.0,771,"['Jazz (국내)', 'Jazz (국외)']",['모든 분위기']
난해 ; 難解,23200.0,135.0,3600125.0,155.0,26668.0,2128,"['R&B / Soul (국내)', 'R&B / Soul (국외)', 'Pop (국외)', 'Ballad (국내)', 'Blues (국내)', 'Folk (국내)', 'Rock (국내)', 'Jazz (국외)', 'Blues (국내)']",['모든 분위기']
언플 Unplayer,24800.0,108.0,5910341.0,238.0,54725.0,591,"['Ballad (국내)', 'Rock (국내)', 'Pop (국외)', 'R&B / Soul (국외)', 'Rap / Hip-hop (국외)', 'Rock (국외)']",['모든 분위기']
공감공감 ᴳᴼᴺᴳᴳᴬᴹ,19800.0,92.0,12345363.0,624.0,134189.0,3352,"['Rap / Hip-hop (국내)', 'Ballad (국내)']",['모든 분위기']
릴리랄라 lililala,16800.0,28.0,9598949.0,571.0,342820.0,53464,['Dance (국내)'],['모든 분위기']
떤더TʜᴜɴᴅᴇʀGʀᴏᴏᴠᴇ,19000.0,30.0,10412201.0,548.0,347073.0,1971045,"['Pop (국외)', 'R&B / Soul (국외)', 'Rap / Hip-hop (국내)', 'R&B / Soul (국내)', 'Rap / Hip-hop (국외)']",['모든 분위기']
Give U,18000.0,38.0,17522245.0,973.0,461112.0,9839,"['OST (국내)', 'Folk (국내)', 'Rock (국내)', 'Ballad (국내)', 'Blues (국내)']",['모든 분위기']
at the moment,18100.0,35.0,2310159.0,128.0,66005.0,6069,"['New Age', 'Classic', '뮤직테라피', 'Jazz (국내)', 'Jazz (국외)']",['모든 분위기']
Ourgreendays,16200.0,20.0,1871646.0,116.0,93582.0,5979,"['Pop (국외)', 'Country (국외)', 'R&B / Soul (국외)', 'Folk (국외)']",['모든 분위기']
장밀크milk,15300.0,87.0,6625061.0,433.0,76150.0,-,"['Pop (국외)', 'R&B / Soul (국외)', 'Jazz (국내)', 'Jazz (국외)', 'Classic', 'R&B / Soul (국내)', 'New Age']",['모든 분위기']
laulu,16100.0,69.0,2797206.0,174.0,40539.0,1792,"['Pop (국외)', 'R&B / Soul (국외)']",['모든 분위기']
반딧불 playlist,18000.0,110.0,2031777.0,113.0,18471.0,5449,"['Ballad (국내)', 'Blues (국내)', 'Folk (국내)', 'Rock (국내)']",['모든 분위기']
현지,26200.0,35.0,9046541.0,345.0,258473.0,36263,"['OST (국내)', 'OST (국외)']",['모든 분위기']
코오 coO,35500.0,34.0,5357712.0,151.0,157580.0,7328,"['New Age', 'Classic', '뮤직테라피']",['모든 분위기']
1412,16400.0,58.0,7838418.0,478.0,135145.0,15658,"['OST (국내)', 'OST (국외)']",['모든 분위기']
ɴᴏᴏʏ ᴘʟᴀʏʟɪꜱᴛ 누플리,17000.0,14.0,3050944.0,179.0,217925.0,12091,"['Ballad (국내)', 'Blues (국내)', 'Dance (국내)', 'Folk (국내)', 'R&B / Soul (국내)', 'Pop (국외)', 'R&B / Soul (국외)']",['모든 분위기']
Jazz Lab,32700.0,52.0,9733272.0,298.0,187178.0,2148,"['Jazz (국내)', 'Jazz (국외)', 'New Age', 'Classic']",['모든 분위기']
럽욜셆 LOVE YOURSELF,15700.0,50.0,4842343.0,308.0,96847.0,12563,"['Ballad (국내)', 'Blues (국내)', 'Dance (국내)', 'Folk (국내)', 'R&B / Soul (국내)', 'Rap / Hip-hop (국내)', 'Rock (국내)', 'Electronica (국내)', 'Jazz (국내)', 'Blues (국외)', 'Country (국외)', 'Electronica (국외)', 'Folk (국외)', 'Pop (국외)', 'EDM (국외)', 'R&B / Soul (국외)', 'Rap / Hip-hop (국외)', 'Rock (국외)']",[]
너오늘좀예쁘다,12100.0,331.0,4534854.0,375.0,13700.0,2670,"['Dance (국내)', 'R&B / Soul (국내)', 'Rap / Hip-hop (국내)', 'Ballad (국내)', 'Folk (국내)', 'Rock (국내)', 'Blues (국내)']",['모든 분위기']
공부할때 들으려고 [ 𝕃𝕚𝕧𝕪 ],13900.0,37.0,7836030.0,564.0,211785.0,-,"['New Age', 'Classic', '뮤직테라피']",['모든 분위기']
𝐒𝐄𝐍𝐓𝐈𝐌𝐄𝐍𝐓𝐀𝐋 𝐀𝐔𝐃𝐈𝐎,14300.0,96.0,8215511.0,575.0,85578.0,1812,"['R&B / Soul (국내)', 'Rap / Hip-hop (국내)', 'Rock (국내)', 'Electronica (국내)', 'Electronica (국외)', 'Pop (국외)', 'R&B / Soul (국외)', 'Rap / Hip-hop (국외)', 'Rock (국외)']",['모든 분위기']
Laura’s,33200.0,518.0,11838108.0,357.0,22853.0,588,"['Blues (국외)', 'Country (국외)', 'Electronica (국외)', 'Folk (국외)', 'Pop (국외)', 'EDM (국외)', 'R&B / Soul (국외)', 'Rap / Hip-hop (국외)', 'Rock (국외)', 'CCM (국외)', 'Jazz (국외)', 'OST (국외)']",['모든 분위기']
국가연금술사,12300.0,17.0,10386953.0,844.0,610997.0,96199,"['OST (국내)', 'OST (국외)']",['모든 분위기']
지은Ji-eun,10800.0,229.0,2831855.0,262.0,12366.0,711,"['Blues (국외)', 'Country (국외)', 'Electronica (국외)', 'Folk (국외)', 'Pop (국외)', 'EDM (국외)', 'R&B / Soul (국외)', 'Rap / Hip-hop (국외)', 'Rock (국외)', 'Jazz (국외)', 'OST (국외)']",['모든 분위기']
성개 SUNGGAE,11600.0,201.0,8161243.0,704.0,40603.0,2679,"['Ballad (국내)', 'Blues (국내)', 'Dance (국내)', 'Folk (국내)', 'R&B / Soul (국내)', 'Rap / Hip-hop (국내)', 'Rock (국내)', 'Electronica (국내)', 'Jazz (국내)', 'Blues (국외)', 'Country (국외)', 'Electronica (국외)', 'Folk (국외)', 'Pop (국외)', 'EDM (국외)', 'R&B / Soul (국외)', 'Rap / Hip-hop (국외)', 'Rock (국외)']",['모든 분위기']
감성적인야무치,15400.0,235.0,9200225.0,597.0,39150.0,391,"['Ballad (국내)', 'Blues (국내)', 'Dance (국내)', 'Folk (국내)', 'R&B / Soul (국내)', 'Rap / Hip-hop (국내)', 'Rock (국내)', 'Electronica (국내)', 'Jazz (국내)', 'Blues (국외)', 'Country (국외)', 'Electronica (국외)', 'Folk (국외)', 'Pop (국외)', 'EDM (국외)', 'R&B / Soul (국외)', 'Rap / Hip-hop (국외)', 'Rock (국외)']",['모든 분위기']
dazzle.,10800.0,94.0,1209537.0,112.0,12867.0,1114,"['Blues (국외)', 'Country (국외)', 'Electronica (국외)', 'Folk (국외)', 'Pop (국외)', 'EDM (국외)', 'R&B / Soul (국외)', 'Rap / Hip-hop (국외)', 'Rock (국외)', 'CCM (국외)', 'Jazz (국외)', 'OST (국외)', 'New Age', 'Classic']",['모든 분위기']
melonade,11500.0,65.0,7502625.0,652.0,115425.0,4586,"['Ballad (국내)', 'Blues (국내)', 'Dance (국내)', 'Folk (국내)', 'R&B / Soul (국내)', 'Rap / Hip-hop (국내)', 'Rock (국내)', 'OST (국내)']",['모든 분위기']
핸드릭스 뮤직,10500.0,231.0,216514.0,21.0,937.0,80,"['Ballad (국내)', 'Blues (국내)', 'Dance (국내)', 'Folk (국내)', 'R&B / Soul (국내)', 'Rap / Hip-hop (국내)', 'Rock (국내)', 'Electronica (국내)', 'Jazz (국내)', 'Blues (국외)', 'Country (국외)', 'Electronica (국외)', 'Folk (국외)', 'Pop (국외)', 'EDM (국외)', 'R&B / Soul (국외)', 'Rap / Hip-hop (국외)', 'Rock (국외)']",['모든 분위기']
스윗룩:,9800.0,124.0,2289670.0,234.0,18465.0,241,"['Blues (국외)', 'Country (국외)', 'Electronica (국외)', 'Folk (국외)', 'Pop (국외)', 'EDM (국외)', 'R&B / Soul (국외)', 'Rap / Hip-hop (국외)', 'Rock (국외)', 'CCM (국외)', 'Jazz (국외)', 'OST (국외)']",[]
estrella,9920.0,11.0,1881966.0,190.0,171088.0,14385,"['Pop (국외)', 'Country (국외)', 'Folk (국외)', 'R&B / Soul (국외)']",['모든 분위기']
수율,10900.0,92.0,13102120.0,1202.0,142414.0,-,"['Dance (국내)', 'R&B / Soul (국내)', 'Rap / Hip-hop (국내)']","['행복', '로맨틱', '희망', '운동']"
블루블 Bluebl,9700.0,23.0,5078612.0,524.0,220809.0,2265,"['Ballad (국내)', 'Dance (국내)', 'Folk (국내)', 'R&B / Soul (국내)', 'Rap / Hip-hop (국내)', 'Rock (국내)', 'Blues (국내)']",['모든 분위기']
부기,9500.0,30.0,7335395.0,772.0,244513.0,10199,"['Ballad (국내)', 'Blues (국내)', 'Dance (국내)', 'Folk (국내)', 'R&B / Soul (국내)', 'Rap / Hip-hop (국내)', 'Rock (국내)', 'Electronica (국내)', 'Jazz (국내)', 'OST (국내)', 'Blues (국외)', 'Country (국외)', 'Electronica (국외)', 'Folk (국외)', 'Pop (국외)', 'EDM (국외)', 'R&B / Soul (국외)', 'Rap / Hip-hop (국외)', 'Rock (국외)', 'Jazz (국외)', 'OST (국외)']",['모든 분위기']
휴식공간 : Ambience View,12500.0,94.0,6416955.0,513.0,68265.0,2061,"['Ballad (국내)', 'Dance (국내)', 'Rock (국내)', 'Electronica (국내)', 'OST (국내)']",['모든 분위기']
유월 夏,11400.0,20.0,9259380.0,812.0,462969.0,42639,"['Electronica (J-Pop)', 'Pop (J-Pop)', 'R&B / Soul (J-Pop)', 'Rap / Hip-hop (J-Pop)', 'Rock (J-Pop)']",[]
예원덕,13400.0,29.0,2682961.0,200.0,92516.0,4246,"['Pop (국외)', 'Rap / Hip-hop (국내)', 'New Age']",['모든 분위기']
플레이리스트캔디,9620.0,39.0,6375257.0,663.0,163468.0,260163,"['OST (국내)', 'OST (국외)', 'R&B / Soul (국내)']",['모든 분위기']
페이머스 𝐏𝐥𝐚𝐲𝐥𝐢𝐬𝐭,10000.0,65.0,3464897.0,346.0,53306.0,2465,"['Electronica (J-Pop)', 'Pop (J-Pop)', 'R&B / Soul (J-Pop)', 'Rap / Hip-hop (J-Pop)', 'Rock (J-Pop)', 'OST (국외)', 'OST (국내)']",['모든 분위기']
감성소녀,12600.0,87.0,2912305.0,231.0,33475.0,1507,"['Pop (국외)', 'Folk (국외)', 'R&B / Soul (국외)']",['모든 분위기']
콩플리,8650.0,78.0,2505701.0,290.0,32124.0,576,"['R&B / Soul (국내)', 'R&B / Soul (국내)', 'Folk (국내)', 'Blues (국내)']",['모든 분위기']
Seeds Of Theme,10700.0,29.0,877998.0,82.0,30276.0,1673,"['New Age', 'Classic', '뮤직테라피']",['모든 분위기']
귓구녕이감동,12600.0,361.0,7032983.0,558.0,19482.0,1581,"['Ballad (국내)', 'Blues (국내)', 'Dance (국내)', 'Folk (국내)', 'R&B / Soul (국내)', 'Rap / Hip-hop (국내)', 'Rock (국내)', 'Electronica (국내)', 'Jazz (국내)', 'OST (국내)']",[]
아나바다 살롱,8550.0,28.0,9110.0,1.0,325.0,-,"['Blues (국내)', 'Dance (국내)', 'R&B / Soul (국내)']",['모든 분위기']
럽유셀ʟᴏᴠᴇ ʏᴏᴜʀ sᴇʟғ,8320.0,16.0,2444079.0,294.0,152755.0,8826,"['Rap / Hip-hop (국내)', 'R&B / Soul (국내)', 'Folk (국내)', 'Ballad (국내)', 'Rock (국내)', 'Blues (국내)']",['모든 분위기']
종팝,16000.0,399.0,5255292.0,328.0,13171.0,462,"['Blues (국외)', 'Country (국외)', 'Electronica (국외)', 'Folk (국외)', 'Pop (국외)', 'EDM (국외)', 'R&B / Soul (국외)', 'Rap / Hip-hop (국외)', 'Rock (국외)', 'CCM (국외)', 'Jazz (국외)', 'OST (국외)']",['모든 분위기']
뮤직하이브 musichive,8420.0,98.0,2776846.0,330.0,28335.0,-,"['Rap / Hip-hop (국내)', 'Rock (국내)', 'Ballad (국내)', 'R&B / Soul (국내)']",['모든 분위기']
always with you ☽,8480.0,205.0,4425238.0,522.0,21587.0,-,"['Rap / Hip-hop (국내)', 'Ballad (국내)', 'Rock (국내)', 'Folk (국내)', 'Blues (국내)']",['모든 분위기']
Nanamilk 나나밀크,15300.0,50.0,3481623.0,228.0,69632.0,45085,[],['모든 분위기']
디어유스 Dear. Youth,15000.0,59.0,2377987.0,159.0,40305.0,1227,"['Ballad (국내)', 'Blues (국내)', 'Dance (국내)', 'Folk (국내)', 'R&B / Soul (국내)', 'Rap / Hip-hop (국내)', 'Rock (국내)', 'Electronica (국내)', 'Jazz (국내)', 'OST (국내)', 'Blues (국외)', 'Country (국외)', 'Electronica (국외)', 'Folk (국외)', 'Pop (국외)', 'EDM (국외)', 'R&B / Soul (국외)', 'Rap / Hip-hop (국외)', 'Rock (국외)', 'Jazz (국외)', 'OST (국외)']",['모든 분위기']
쥬리졍 JYULIII,9570.0,36.0,3313747.0,346.0,92049.0,3165,"['R&B / Soul (국내)', 'Rap / Hip-hop (국내)', 'Rock (국내)', 'Electronica (국내)', 'Electronica (국외)', 'Pop (국외)', 'R&B / Soul (국외)', 'Rap / Hip-hop (국외)', 'Rock (국외)']",['모든 분위기']
칠리페퍼 Chilly-Pepper,8350.0,30.0,2551156.0,306.0,85039.0,47133,"['Electronica (J-Pop)', 'Pop (J-Pop)', 'R&B / Soul (J-Pop)', 'Rap / Hip-hop (J-Pop)', 'Rock (J-Pop)', 'Folk (국내)', 'Pop (국외)', 'Blues (국내)']",['모든 분위기']
아이셔 Aisyeo,8260.0,147.0,6356738.0,770.0,43243.0,1277,"['종교음악', 'CCM (국내)']",['모든 분위기']
Musiq Cooker,25100.0,325.0,10175206.0,405.0,31308.0,539,"['R&B / Soul (국내)', 'Rap / Hip-hop (국내)', 'Rock (국내)', 'Electronica (국내)', 'Electronica (국외)', 'Pop (국외)', 'R&B / Soul (국외)', 'Rap / Hip-hop (국외)', 'Rock (국외)']",['모든 분위기']
PLAY.ZIP플레이집,8080.0,29.0,3037014.0,376.0,104725.0,-,['Dance (국내)'],['모든 분위기']
여돌플리,8570.0,16.0,6513856.0,760.0,407116.0,404387,"['Folk (국내)', 'R&B / Soul (국내)']",['모든 분위기']
달콤한커피,8360.0,84.0,2964.0,0.0,35.0,1856,"['Ballad (국내)', 'Blues (국내)', 'Dance (국내)', 'Folk (국내)', 'R&B / Soul (국내)', 'Rap / Hip-hop (국내)', 'Rock (국내)', 'Electronica (국내)', 'Jazz (국내)', 'OST (국내)', 'Blues (국외)', 'Country (국외)', 'Electronica (국외)', 'Folk (국외)', 'Pop (국외)', 'EDM (국외)', 'R&B / Soul (국외)', 'Rap / Hip-hop (국외)', 'Rock (국외)', 'Jazz (국외)', 'OST (국외)']",['모든 분위기']
준개의 렛뮤 let’s music,7850.0,11.0,3446464.0,439.0,313315.0,-,"['Ballad (국내)', 'Folk (국내)', 'R&B / Soul (국내)', 'Rock (국내)', 'Blues (국내)']",['모든 분위기']
프리닉 _ 뮤직플레이리스트,7940.0,108.0,2501360.0,315.0,23161.0,170,"['Electronica (국내)', 'Jazz (국내)', 'Electronica (국외)', 'Jazz (국외)', 'New Age', '뮤직테라피', 'Blues (국내)']",['모든 분위기']
플리슨PListen,7870.0,92.0,2319869.0,295.0,25216.0,849,"['Ballad (국내)', 'Blues (국내)', 'Dance (국내)', 'Folk (국내)', 'R&B / Soul (국내)', 'Rap / Hip-hop (국내)', 'Rock (국내)', 'Electronica (국내)', 'Jazz (국내)', 'OST (국내)', 'Blues (국외)', 'Country (국외)', 'Electronica (국외)', 'Folk (국외)', 'Pop (국외)', 'R&B / Soul (국외)', 'Rap / Hip-hop (국외)', 'Rock (국외)', 'Jazz (국외)', 'OST (국외)', 'Electronica (J-Pop)', 'Pop (J-Pop)', 'R&B / Soul (J-Pop)', 'Rap / Hip-hop (J-Pop)', 'Rock (J-Pop)']",['모든 분위기']
연어와 올빼미,9000.0,131.0,1669068.0,185.0,12741.0,315,"['Blues (국외)', 'Country (국외)', 'Electronica (국외)', 'Folk (국외)', 'Pop (국외)', 'EDM (국외)', 'R&B / Soul (국외)', 'Rap / Hip-hop (국외)', 'Rock (국외)', 'Jazz (국외)', 'OST (국외)']",['모든 분위기']
라디오국 김피디[RADIO... ,8180.0,102.0,5456552.0,667.0,53496.0,612,"['R&B / Soul (국내)', 'Ballad (국내)', 'Folk (국내)']",['모든 분위기']
"Dear Lord, 디어 로드",7990.0,52.0,2117511.0,265.0,40721.0,1260,"['R&B / Soul (국내)', 'Rap / Hip-hop (국내)']",['모든 분위기']
모카페 playlist,7290.0,30.0,2947118.0,404.0,98237.0,3566,"['Dance (국내)', 'R&B / Soul (국내)', 'Folk (국내)']",['모든 분위기']
시우연 [𝐏𝐥𝐚𝐲𝐥𝐢𝐬𝐭],7690.0,106.0,1853696.0,241.0,17488.0,496,['Dance (국내)'],['모든 분위기']
갬성충아이쓰,7540.0,109.0,5414218.0,718.0,49672.0,26384,"['Pop (J-Pop)', 'R&B / Soul (J-Pop)']",['모든 분위기']
라던 LADAWN,7430.0,51.0,6316958.0,850.0,123862.0,225018,['Folk (국내)'],['모든 분위기']
𝐅𝐫𝐞𝐞𝐝𝐨𝐦,20000.0,258.0,13380489.0,669.0,51862.0,374,"['Blues (국외)', 'Country (국외)', 'Electronica (국외)', 'Folk (국외)', 'Pop (국외)', 'EDM (국외)', 'R&B / Soul (국외)', 'Rap / Hip-hop (국외)', 'Rock (국외)', 'CCM (국외)', 'Jazz (국외)', 'OST (국외)']",['모든 분위기']
영이playlist,6820.0,31.0,3937371.0,577.0,127012.0,4796,['Dance (국내)'],['모든 분위기']
Copro Music 코프로 뮤직,8570.0,10.0,1891722.0,221.0,189172.0,-,"['Blues (국외)', 'Country (국외)', 'Electronica (국외)', 'Folk (국외)', 'Pop (국외)', 'EDM (국외)', 'R&B / Soul (국외)', 'Jazz (국외)', 'OST (국외)', 'Ballad (국내)', 'Dance (국내)', 'Rock (국내)', 'Electronica (국내)', 'OST (국내)']",['모든 분위기']
루프 LOOP,6880.0,7.0,6690486.0,972.0,955784.0,1480,"['R&B / Soul (국내)', 'Ballad (국내)', 'Folk (국내)']",['모든 분위기']
1006_oi,7200.0,82.0,2955842.0,411.0,36047.0,899,['OST (국외)'],['모든 분위기']
손다로우쉬SONDAROWSHI,6780.0,69.0,1944191.0,287.0,28177.0,840,"['R&B / Soul (국내)', 'Ballad (국내)', 'Folk (국내)']",['모든 분위기']
로지밍rozyming,7900.0,67.0,2758580.0,349.0,41173.0,2686,['New Age'],['모든 분위기']
채소용 𝗣𝗹𝗮𝘆𝗹𝗶𝘀𝘁,6540.0,2.0,1966406.0,301.0,983203.0,12751,['New Age'],['모든 분위기']
𝖮𝖥 𝖲𝖳𝖴𝖣𝗂𝖮,6740.0,40.0,1568785.0,233.0,39220.0,658,"['Pop (J-Pop)', 'R&B / Soul (J-Pop)', 'Rock (J-Pop)']",['모든 분위기']
이음 𝐄-𝐮𝐦 𝐏𝐋𝐀𝐘𝐋𝐈𝐒𝐓,6940.0,115.0,4512388.0,650.0,39238.0,1008,"['Ballad (국내)', 'Dance (국내)', 'Rock (국내)', 'Electronica (국내)', 'OST (국내)']",['모든 분위기']
푸린,6390.0,148.0,3204479.0,501.0,21652.0,309446,['Dance (국내)'],['행복']
팝송사냥꾼,7010.0,207.0,1984117.0,283.0,9585.0,1420,"['Blues (국외)', 'Country (국외)', 'Electronica (국외)', 'Folk (국외)', 'Pop (국외)', 'EDM (국외)', 'R&B / Soul (국외)', 'Rap / Hip-hop (국외)', 'Rock (국외)', 'CCM (국외)', 'Jazz (국외)', 'OST (국외)']",['모든 분위기']
한놈만 팬다 𝒑𝒍𝒂𝒚𝒍𝒊𝒔𝒕,6540.0,40.0,4583218.0,701.0,114580.0,106918,"['Pop (국외)', 'R&B / Soul (국외)', 'Ballad (국내)', 'Folk (국내)']",['모든 분위기']
dearmyblue,,,,,,9012,[],['모든 분위기']
Today is Muumi,5880.0,116.0,2115441.0,360.0,18237.0,294,"['R&B / Soul (국내)', 'Rap / Hip-hop (국내)', 'Rock (국내)', 'Electronica (국내)']",['모든 분위기']
LEEDAM,6420.0,7.0,2055488.0,320.0,293641.0,-,"['New Age', 'Classic']",['모든 분위기']
For you,6120.0,8.0,1023532.0,167.0,127942.0,26981,"['Dance (국내)', 'R&B / Soul (국내)']",['모든 분위기']
Day Off:,6300.0,127.0,2584030.0,410.0,20347.0,777,"['R&B / Soul (국내)', 'Rap / Hip-hop (국내)']",['모든 분위기']
K-고3으로살아남기,6620.0,67.0,5403002.0,816.0,80642.0,49122,"['Ballad (국내)', 'Blues (국내)', 'Dance (국내)', 'Folk (국내)', 'R&B / Soul (국내)', 'Rap / Hip-hop (국내)', 'Rock (국내)', 'Electronica (국내)', 'Jazz (국내)', 'Blues (국외)', 'Country (국외)', 'Electronica (국외)', 'Folk (국외)', 'Pop (국외)', 'EDM (국외)', 'R&B / Soul (국외)', 'Rap / Hip-hop (국외)', 'Rock (국외)', 'Electronica (J-Pop)', 'Pop (J-Pop)', 'R&B / Soul (J-Pop)', 'Rap / Hip-hop (J-Pop)', 'Rock (J-Pop)']",[]
kairi,6150.0,18.0,1335293.0,217.0,74183.0,11541,"['Pop (J-Pop)', 'OST (국외)']",['모든 분위기']
데일리송플 daily.songplaylist,5970.0,39.0,2768083.0,464.0,70976.0,574,"['Ballad (국내)', 'Blues (국내)', 'Dance (국내)', 'Folk (국내)', 'R&B / Soul (국내)', 'Rap / Hip-hop (국내)', 'Rock (국내)', 'Electronica (국내)', 'Jazz (국내)', 'Blues (국외)', 'Country (국외)', 'Electronica (국외)', 'Folk (국외)', 'Pop (국외)', 'EDM (국외)', 'R&B / Soul (국외)', 'Rap / Hip-hop (국외)', 'Rock (국외)']",['모든 분위기']
하입플리 𝑯𝒚𝒑𝒆 𝑷𝒍𝒚,5870.0,43.0,1322894.0,225.0,30765.0,1238,"['R&B / Soul (국내)', 'Rap / Hip-hop (국내)', 'Rock (국내)', 'Electronica (국내)', 'Electronica (국외)', 'Pop (국외)', 'R&B / Soul (국외)', 'Rap / Hip-hop (국외)', 'Rock (국외)']",['모든 분위기']
잡덕 ᴊ𝚘𝚋ᴅ𝚞𝚌𝚔,5950.0,13.0,3368504.0,566.0,259116.0,-,"['R&B / Soul (국내)', 'Ballad (국내)', 'Folk (국내)']",['모든 분위기']
태호서울,7070.0,9.0,48640.0,7.0,5404.0,2423,"['Pop (J-Pop)', 'R&B / Soul (J-Pop)']",['모든 분위기']
뮤집 Mᴜᴢɪᴘ,5670.0,31.0,3669265.0,647.0,118363.0,-,"['R&B / Soul (국내)', 'Ballad (국내)', 'Folk (국내)']",['모든 분위기']
톤톤플리,6030.0,85.0,2270654.0,377.0,26714.0,861,"['Folk (국내)', 'R&B / Soul (국내)']",['모든 분위기']
팝송보면 짖는 개 [팝짖개],,,,,,1258,"['Folk (국내)', 'Ballad (국내)', 'R&B / Soul (국내)']",['모든 분위기']
𝐅𝐥𝐨𝐰 𝐨𝐟 𝐥𝐞𝐭𝐭𝐞𝐫,6740.0,46.0,2767196.0,411.0,60156.0,24456,"['Ballad (국내)', 'Blues (국내)', 'Dance (국내)', 'Folk (국내)', 'R&B / Soul (국내)', 'Rap / Hip-hop (국내)', 'Rock (국내)', 'Electronica (국내)', 'Jazz (국내)', 'OST (국내)', 'Blues (국외)', 'Country (국외)', 'Electronica (국외)', 'Folk (국외)', 'Pop (국외)', 'EDM (국외)', 'R&B / Soul (국외)', 'Rap / Hip-hop (국외)', 'Rock (국외)', 'Jazz (국외)', 'OST (국외)']",[]
하람,5530.0,61.0,2070107.0,374.0,33936.0,1218,"['Ballad (국내)', 'Blues (국내)', 'Dance (국내)', 'Folk (국내)', 'R&B / Soul (국내)', 'Rap / Hip-hop (국내)', 'Rock (국내)', 'Electronica (국내)', 'Jazz (국내)', 'OST (국내)']",['모든 분위기']
희SUNNY,4870.0,25.0,2723457.0,559.0,108938.0,4542,"['Ballad (국내)', 'R&B / Soul (국내)']",['모든 분위기']
nawhij / 나우히즈 / ナウヒズ,5590.0,31.0,732782.0,131.0,23638.0,-,[],['모든 분위기']
탱크플리 TANK PLAYLIST,6480.0,48.0,7860165.0,1213.0,163753.0,33741,"['Ballad (국내)', 'Dance (국내)', 'Rock (국내)', 'Electronica (국내)', 'OST (국내)']",['모든 분위기']
달의 새벽,5010.0,92.0,2374369.0,474.0,25808.0,1056,"['Ballad (국내)', 'Blues (국내)', 'Folk (국내)', 'R&B / Soul (국내)', 'Electronica (J-Pop)', 'Pop (J-Pop)', 'R&B / Soul (J-Pop)', 'Rap / Hip-hop (J-Pop)', 'Rock (J-Pop)', 'New Age']",['모든 분위기']
gamma_,5470.0,63.0,3046123.0,557.0,48351.0,864,[],['모든 분위기']
𝙊𝙣 𝙈𝙮 𝙒𝙖𝙮 𝙋𝙇𝘼𝙔𝙇𝙄𝙎𝙏,5270.0,32.0,2937449.0,557.0,91795.0,4279,"['Ballad (국내)', 'Blues (국내)', 'Dance (국내)', 'Folk (국내)', 'R&B / Soul (국내)', 'Rap / Hip-hop (국내)', 'Rock (국내)', 'Electronica (국내)', 'Jazz (국내)', 'OST (국내)']",['모든 분위기']
이런 노래는 어때?,5460.0,84.0,1288732.0,236.0,15342.0,5905,"['Ballad (국내)', 'Blues (국내)', 'Folk (국내)', 'R&B / Soul (국내)', 'OST (국내)']",['모든 분위기']
짐쨩 Jimzzang,4870.0,59.0,1079273.0,222.0,18293.0,-,"['Ballad (국내)', 'R&B / Soul (국내)']",['모든 분위기']
yxxclouds 유클,4640.0,58.0,2927420.0,631.0,50473.0,3232,"['Ballad (국내)', 'Blues (국내)', 'Dance (국내)', 'Folk (국내)', 'R&B / Soul (국내)', 'Rap / Hip-hop (국내)', 'Rock (국내)', 'Electronica (국내)', 'OST (국내)']",['모든 분위기']
pleeB 플리비,5680.0,16.0,3724148.0,656.0,232759.0,78219,['New Age'],['모든 분위기']
제이 J,5300.0,12.0,6782247.0,1280.0,565187.0,-,['Ballad (국내)'],['모든 분위기']
킹플리,4200.0,13.0,2321861.0,553.0,178605.0,19214,"['Ballad (국내)', 'Blues (국내)', 'Dance (국내)', 'R&B / Soul (국내)', 'Folk (국내)', 'Rap / Hip-hop (국내)', 'Rock (국내)', 'Electronica (국내)', 'OST (국내)']",['모든 분위기']
ㅇㅇ,4380.0,3.0,3228363.0,737.0,1076121.0,-,"['R&B / Soul (국내)', 'R&B / Soul (국외)', 'Pop (국외)']",['모든 분위기']
KYMEEN 키민_Playlist,4770.0,24.0,848463.0,178.0,35353.0,67365,"['New Age', 'Classic', 'Jazz (국외)']",[]
리슨캘플리,4190.0,159.0,2656283.0,634.0,16706.0,1691,"['Ballad (국내)', 'Blues (국내)', 'Dance (국내)', 'Folk (국내)', 'R&B / Soul (국내)', 'Rap / Hip-hop (국내)', 'Rock (국내)', 'Electronica (국내)', 'Jazz (국내)', 'OST (국내)', 'Blues (국외)', 'Country (국외)', 'Electronica (국외)', 'Folk (국외)', 'Pop (국외)', 'EDM (국외)', 'R&B / Soul (국외)', 'Rap / Hip-hop (국외)', 'Rock (국외)', 'Electronica (J-Pop)', 'Pop (J-Pop)', 'R&B / Soul (J-Pop)', 'Rap / Hip-hop (J-Pop)', 'Rock (J-Pop)']",['모든 분위기']
하우해브유빈,11500.0,99.0,1123352.0,98.0,11347.0,184,"['R&B / Soul (국내)', 'Rap / Hip-hop (국내)', 'Rock (국내)', 'Electronica (국내)', 'Electronica (국외)', 'Pop (국외)', 'R&B / Soul (국외)', 'Rap / Hip-hop (국외)', 'Rock (국외)']",['모든 분위기']
Song For Me 쏭뽀미,4090.0,245.0,2423249.0,592.0,9891.0,159,"['Blues (국외)', 'Country (국외)', 'Electronica (국외)', 'Folk (국외)', 'Pop (국외)', 'EDM (국외)', 'R&B / Soul (국외)', 'Rap / Hip-hop (국외)', 'Rock (국외)', 'CCM (국외)', 'Jazz (국외)', 'OST (국외)']",[]
단비,3800.0,156.0,1025257.0,270.0,6572.0,1284,"['Folk (국내)', 'R&B / Soul (국내)']",['모든 분위기']
극락,4440.0,19.0,2615526.0,589.0,137659.0,-,"['R&B / Soul (국외)', 'Rap / Hip-hop (국외)']",['모든 분위기']
와키 wakee,3580.0,60.0,3231041.0,903.0,53851.0,6870,"['R&B / Soul (J-Pop)', 'Pop (J-Pop)']",['모든 분위기']
문플링 ᴍᴏᴏɴ ᴘʟᴀʏʟɪꜱᴛ,3780.0,56.0,2282713.0,604.0,40763.0,3270,"['Ballad (국내)', 'Blues (국내)', 'Dance (국내)', 'Folk (국내)', 'R&B / Soul (국내)', 'Rap / Hip-hop (국내)', 'Rock (국내)', 'Electronica (국내)', 'Jazz (국내)', 'Blues (국외)', 'Country (국외)', 'Electronica (국외)', 'Folk (국외)', 'Pop (국외)', 'EDM (국외)', 'R&B / Soul (국외)', 'Rap / Hip-hop (국외)', 'Rock (국외)']",[]
볼륨슬로리 Volume Slowly,4200.0,48.0,1554017.0,370.0,32375.0,1109,"['Dance (국내)', 'R&B / Soul (국내)']",['모든 분위기']
빵뮤,3400.0,6.0,3655569.0,1075.0,609262.0,-,"['R&B / Soul (국내)', 'Rap / Hip-hop (국내)']",['모든 분위기']
𝐝𝐨𝐧𝐠 𝐥𝐢𝐬𝐭 🎧,3430.0,17.0,832588.0,243.0,48976.0,10493,"['New Age', '뮤직테라피']",['모든 분위기']
라쓰레기,4710.0,77.0,3520449.0,747.0,45720.0,1925,"['Electronica (J-Pop)', 'Pop (J-Pop)', 'R&B / Soul (J-Pop)', 'Rap / Hip-hop (J-Pop)', 'Rock (J-Pop)']",[]
imymemine,4760.0,56.0,2383752.0,501.0,42567.0,1923,"['R&B / Soul (국외)', 'Folk (국외)', 'R&B / Soul (국내)', 'Rap / Hip-hop (국내)']",['모든 분위기']
dy music,3100.0,30.0,14519.0,5.0,484.0,441,"['Classic', 'Jazz (국외)', 'R&B / Soul (국외)']",['모든 분위기']
손익분기점.,4310.0,139.0,764971.0,177.0,5503.0,294,"['New Age', 'Classic', 'OST (국내)']",['모든 분위기']
다소리,3400.0,119.0,1035889.0,305.0,8705.0,263,"['R&B / Soul (국외)', 'Pop (국외)', 'Folk (국외)']",['모든 분위기']
마이키 Mikey,7170.0,8.0,1321483.0,184.0,165185.0,179591,"['Electronica (J-Pop)', 'Pop (J-Pop)', 'R&B / Soul (J-Pop)', 'Rap / Hip-hop (J-Pop)', 'Rock (J-Pop)']",[]
윤슬 𝒀𝒐𝒐𝒏𝒔𝒆𝒖𝒍,3300.0,26.0,921268.0,279.0,35433.0,312,"['R&B / Soul (국내)', 'Rap / Hip-hop (국내)', 'Folk (국내)']",['모든 분위기']
김고란,3370.0,82.0,1700168.0,505.0,20734.0,2873,"['Ballad (국내)', 'Dance (국내)', 'Rock (국내)', 'Electronica (국내)', 'OST (국내)']",['모든 분위기']
갈배,3090.0,106.0,1797579.0,582.0,16958.0,589,"['R&B / Soul (국내)', 'Rap / Hip-hop (국내)', 'Folk (국내)']",['모든 분위기']
편하게 듣다,3340.0,77.0,502689.0,151.0,6528.0,318,['OST (국내)'],['모든 분위기']
떼구르르 𝗣𝗹𝗮𝘆𝗹𝗶𝘀𝘁,3100.0,29.0,2876840.0,928.0,99201.0,6230,"['Folk (국외)', 'R&B / Soul (국내)', 'OST (국내)', 'OST (국외)']",['모든 분위기']
ortlist,2880.0,36.0,175159.0,61.0,4866.0,270,"['R&B / Soul (국외)', 'Pop (국외)', 'Folk (국외)']",['모든 분위기']
유얼쓰,3420.0,517.0,696966.0,204.0,1348.0,40,['Folk (국내)'],['모든 분위기']
향유소 HYANGYUSO,3810.0,56.0,591051.0,155.0,10554.0,5415,"['Blues (국내)', 'Folk (국내)', 'R&B / Soul (국내)']",['모든 분위기']
진씨,2860.0,72.0,707543.0,247.0,9827.0,219,"['Folk (국내)', 'R&B / Soul (국내)']",['모든 분위기']
히어헤븐 Here Heaven,2790.0,23.0,52675.0,19.0,2290.0,836,"['Ballad (국내)', 'Dance (국내)', 'Folk (국내)']",['모든 분위기']
시너리즈 𝐬𝐜𝐞𝐧𝐞𝐫𝐢𝐞𝐬,2740.0,55.0,1557138.0,568.0,28312.0,870,"['Ballad (국내)', 'Blues (국내)', 'Dance (국내)', 'Folk (국내)', 'R&B / Soul (국내)', 'Rap / Hip-hop (국내)', 'Rock (국내)', 'Electronica (국내)', 'Jazz (국내)', 'OST (국내)', 'Blues (국외)', 'Country (국외)', 'Electronica (국외)', 'Folk (국외)', 'Pop (국외)', 'EDM (국외)', 'R&B / Soul (국외)', 'Rap / Hip-hop (국외)', 'Rock (국외)', 'Jazz (국외)', 'OST (국외)']",['모든 분위기']
자편빡-플레이리스트,2760.0,20.0,2870655.0,1040.0,143533.0,4515,"['Folk (국내)', 'R&B / Soul (국내)']",['모든 분위기']
Song토마,2600.0,30.0,923994.0,355.0,30800.0,1472,"['Folk (국내)', 'R&B / Soul (국내)']",['모든 분위기']
섭씨,2840.0,28.0,1544859.0,544.0,55174.0,536,['Dance (국내)'],['모든 분위기']
한파랑,4190.0,32.0,1230931.0,294.0,38467.0,8789,[],['모든 분위기']
안젤라,2900.0,62.0,868052.0,299.0,14001.0,2042,"['R&B / Soul (국내)', 'Rap / Hip-hop (국내)']",['모든 분위기']
찍먹충,2770.0,117.0,4045106.0,1460.0,34574.0,428,['OST (국외)'],['모든 분위기']
DG PLAYLIST,2430.0,32.0,2559598.0,1053.0,79987.0,4063,"['R&B / Soul (국내)', 'Rap / Hip-hop (국내)', 'Folk (국내)']",['모든 분위기']
"Select,",2730.0,58.0,548141.0,201.0,9451.0,228,"['R&B / Soul (국내)', 'R&B / Soul (국외)', 'OST (국내)']",['모든 분위기']
깔롱,2800.0,75.0,2928700.0,1046.0,39049.0,6360,"['Ballad (국내)', 'Blues (국내)', 'Dance (국내)', 'Folk (국내)', 'R&B / Soul (국내)', 'Rap / Hip-hop (국내)', 'Rock (국내)', 'Electronica (국내)', 'Jazz (국내)', 'OST (국내)']",[]
무이예트,2520.0,18.0,113210.0,45.0,6289.0,1498,"['Blues (국외)', 'Country (국외)', 'Electronica (국외)', 'Folk (국외)', 'Pop (국외)', 'EDM (국외)', 'R&B / Soul (국외)', 'Rap / Hip-hop (국외)', 'Rock (국외)', 'CCM (국외)', 'Jazz (국외)', 'OST (국외)', 'New Age', 'Classic']",['모든 분위기']
ᴀɴᴅᴏꜱ ᴛʀᴀᴄᴋ,2520.0,40.0,1561890.0,620.0,39047.0,925,"['R&B / Soul (국내)', 'Rap / Hip-hop (국내)']",['모든 분위기']
스뮤 sᴛᴀʏ ᴡɪᴛʜ ᴍᴜsɪᴄ,2450.0,48.0,34699.0,14.0,723.0,94,"['New Age', 'Classic']",['모든 분위기']
딤스크,2570.0,20.0,280688.0,109.0,14034.0,867,"['Rap / Hip-hop (국외)', 'Electronica (국외)', 'EDM (국외)', 'R&B / Soul (국외)']",['모든 분위기']
헤픈투 happen to,2540.0,70.0,1458512.0,574.0,20836.0,1060,"['Ballad (국내)', 'Blues (국내)', 'Dance (국내)', 'Folk (국내)', 'R&B / Soul (국내)', 'Rap / Hip-hop (국내)', 'Rock (국내)', 'Electronica (국내)', 'Jazz (국내)', 'OST (국내)', 'Blues (국외)', 'Country (국외)', 'Electronica (국외)', 'Folk (국외)', 'Pop (국외)', 'EDM (국외)', 'R&B / Soul (국외)', 'Rap / Hip-hop (국외)', 'Rock (국외)']",['모든 분위기']
𝙃𝙔𝙐𝙉𝙉𝙀,2910.0,52.0,1592708.0,547.0,30629.0,519,"['Dance (국내)', 'Pop (국외)', 'R&B / Soul (국외)', 'Electronica (국외)']",['모든 분위기']
음악에사진한스푼(Music... ,2280.0,24.0,312080.0,137.0,13003.0,415,"['Blues (국외)', 'Country (국외)', 'Folk (국외)', 'Pop (국외)', 'R&B / Soul (국외)', 'Jazz (국외)', 'OST (국외)']",['모든 분위기']
유메 Yume presents,2190.0,83.0,575782.0,263.0,6937.0,198,"['Ballad (국내)', 'Blues (국내)', 'Dance (국내)', 'R&B / Soul (국내)', 'Folk (국내)', 'Rap / Hip-hop (국내)', 'Rock (국내)', 'Electronica (국내)', 'OST (국내)']",['모든 분위기']
베리플리 𝗩𝗮𝗿𝗶𝗼𝘂𝘀 𝗣𝗹𝗮𝘆𝗹𝗶𝘀𝘁𝘀,3620.0,259.0,3069151.0,848.0,11850.0,5043,"['Rap / Hip-hop (국내)', 'Rock (국내)']","['어둠', '섹시']"
강린다_𝐋𝐈𝐍𝐃𝐀 𝐊𝐀𝐍𝐆,9850.0,47.0,982844.0,100.0,20912.0,23458,"['New Age', 'Classic']","['편안함', '행복', '평화로움', '희망']"
쏘 easily,2510.0,21.0,1099978.0,438.0,52380.0,25478,"['Ballad (국내)', 'Blues (국내)', 'Dance (국내)', 'Folk (국내)', 'R&B / Soul (국내)', 'Rap / Hip-hop (국내)', 'Rock (국내)', 'Electronica (국내)', 'CCM (국내)', 'Jazz (국내)', 'OST (국내)', 'Blues (국외)', 'Country (국외)', 'Electronica (국외)', 'Folk (국외)', 'Pop (국외)', 'EDM (국외)', 'R&B / Soul (국외)', 'Rap / Hip-hop (국외)', 'Rock (국외)', 'CCM (국외)', 'Electronica (J-Pop)', 'Pop (J-Pop)', 'R&B / Soul (J-Pop)', 'Rap / Hip-hop (J-Pop)', 'Rock (J-Pop)', '월드뮤직']",['모든 분위기']
Sweet Girl Playlist,2050.0,68.0,955477.0,466.0,14051.0,1453,"['Folk (국내)', 'Ballad (국내)']",['모든 분위기']
단단한 일상,2100.0,21.0,515012.0,245.0,24524.0,4845,"['Electronica (J-Pop)', 'Pop (J-Pop)', 'R&B / Soul (J-Pop)', 'Rap / Hip-hop (J-Pop)', 'Rock (J-Pop)']",['모든 분위기']
뮤토,2390.0,92.0,1385923.0,580.0,15064.0,231,"['Ballad (국내)', 'Blues (국내)', 'Dance (국내)', 'Folk (국내)', 'R&B / Soul (국내)', 'Rap / Hip-hop (국내)', 'Rock (국내)', 'Electronica (국내)', 'Jazz (국내)', 'OST (국내)', 'Blues (국외)', 'Country (국외)', 'Electronica (국외)', 'Folk (국외)', 'Pop (국외)', 'EDM (국외)', 'R&B / Soul (국외)', 'Rap / Hip-hop (국외)', 'Rock (국외)', 'Jazz (국외)', 'OST (국외)']",['모든 분위기']
예그리나 yegrina,2700.0,306.0,1111395.0,412.0,3632.0,101,"['Dance (국내)', 'R&B / Soul (국내)', 'Rap / Hip-hop (국내)', 'Jazz (국외)', 'Jazz (국내)']",['모든 분위기']
hopeless romantic,1980.0,25.0,194442.0,98.0,7778.0,975,"['Dance (국내)', 'R&B / Soul (국내)']",['모든 분위기']
Nann_i,2910.0,35.0,1329151.0,457.0,37976.0,2931,"['Ballad (국내)', 'Blues (국내)', 'Dance (국내)', 'Folk (국내)', 'R&B / Soul (국내)', 'Rap / Hip-hop (국내)', 'Rock (국내)', 'Electronica (국내)', 'Jazz (국내)', 'OST (국내)']",[]
Unreal Archive,1970.0,20.0,411230.0,209.0,20562.0,112284,"['Ballad (국내)', 'Folk (국내)', 'R&B / Soul (국내)']",['모든 분위기']
잔잔 𝑝𝑙𝑎𝑦𝑙𝑖𝑠𝑡,2010.0,45.0,578805.0,288.0,12862.0,1236,"['Ballad (국내)', 'Blues (국내)', 'Folk (국내)', 'R&B / Soul (국내)', 'OST (국내)']",['모든 분위기']
뮤리,1880.0,13.0,1748263.0,930.0,134482.0,10719,"['Pop (국외)', 'Rock (국외)', 'Folk (국외)', 'R&B / Soul (국외)']",['모든 분위기']
junhee's.,1960.0,29.0,674944.0,344.0,23274.0,1121,"['Ballad (국내)', 'OST (국내)']",['모든 분위기']
엘랄랄라 ellalala,2080.0,24.0,359328.0,173.0,14972.0,5272,"['R&B / Soul (국외)', 'Rap / Hip-hop (국외)', 'Pop (국외)', 'Jazz (국외)', 'Blues (국내)']",['모든 분위기']
오리너구리,1780.0,18.0,352213.0,198.0,19567.0,2286,"['Folk (국내)', 'Jazz (국외)', 'Folk (국외)', 'R&B / Soul (국외)', 'Jazz (국외)', 'Pop (국외)']",['모든 분위기']
carrier,2770.0,188.0,1375788.0,497.0,7318.0,246,"['Ballad (국내)', 'Blues (국내)', 'Dance (국내)', 'R&B / Soul (국내)', 'Folk (국내)', 'Rap / Hip-hop (국내)', 'Rock (국내)']",[]
핌뮤 PIMMU,1850.0,44.0,716131.0,387.0,16276.0,-,"['Pop (국외)', 'R&B / Soul (국내)', 'Ballad (국내)', 'Rap / Hip-hop (국내)']",['모든 분위기']
소레,1780.0,18.0,1196985.0,672.0,66499.0,3671,"['R&B / Soul (국외)', 'R&B / Soul (국내)', 'Electronica (J-Pop)', 'Jazz (국외)']",['모든 분위기']
이지구 𝐢𝐬𝐢𝐭𝐠𝐨𝐨𝐝,1890.0,12.0,724725.0,383.0,60394.0,10449,"['Ballad (국내)', 'Blues (국내)', 'Dance (국내)', 'R&B / Soul (국내)', 'Folk (국내)', 'Rap / Hip-hop (국내)', 'Rock (국내)', 'Electronica (국내)', 'OST (국내)']",['모든 분위기']
"b myself, coolkids",1790.0,110.0,557814.0,312.0,5071.0,63,"['Folk (국내)', 'Ballad (국내)']",['모든 분위기']
밀물의 로망스,1820.0,24.0,450739.0,248.0,18781.0,1423,"['Blues (국내)', 'Folk (국내)', 'R&B / Soul (국내)', 'Rap / Hip-hop (국내)']",['모든 분위기']
녕,1600.0,15.0,1487531.0,930.0,99169.0,11320,"['Ballad (국내)', 'Dance (국내)', 'Rock (국내)', 'Electronica (국내)', 'OST (국내)']",['모든 분위기']
오드 Ode room,16300.0,29.0,752145.0,46.0,25936.0,702,"['R&B / Soul (국내)', 'R&B / Soul (국외)', 'Rap / Hip-hop (국내)', 'Folk (국내)']",[]
멜로디스트 플리 MELODIST... ,2250.0,219.0,1126778.0,501.0,5145.0,144,"['Ballad (국내)', 'Blues (국내)', 'Dance (국내)', 'R&B / Soul (국내)', 'Folk (국내)', 'Rap / Hip-hop (국내)', 'Rock (국내)', 'Electronica (국내)', 'OST (국내)']",[]
moment 모먼트,1620.0,14.0,1091693.0,674.0,77978.0,9501,"['Blues (국외)', 'Country (국외)', 'Electronica (국외)', 'Folk (국외)', 'Pop (국외)', 'EDM (국외)', 'R&B / Soul (국외)', 'Rap / Hip-hop (국외)', 'Rock (국외)', 'CCM (국외)', 'Jazz (국외)', 'OST (국외)']",['모든 분위기']
손망고 Son Mango,1540.0,72.0,303009.0,197.0,4208.0,3690,"['Folk (국내)', 'R&B / Soul (국내)']",['모든 분위기']
마니머것다,1510.0,23.0,1231412.0,816.0,53540.0,-,[],['모든 분위기']
십유월,1530.0,1.0,431946.0,282.0,431946.0,-,"['Pop (국외)', 'OST (국외)']",['모든 분위기']
박상진,2080.0,20.0,464670.0,223.0,23234.0,1181,"['Folk (국내)', 'R&B / Soul (국내)', 'Blues (국내)']",['모든 분위기']
cityofrefuge,1430.0,26.0,387351.0,271.0,14898.0,1330,"['Blues (국내)', 'Folk (국내)', 'R&B / Soul (국내)']",['모든 분위기']
음깡 𝑬𝑼𝑴 𝑲𝑲𝑨𝑵𝑮,1870.0,16.0,960306.0,514.0,60019.0,4195,"['Ballad (국내)', 'Blues (국내)', 'Dance (국내)', 'Folk (국내)', 'R&B / Soul (국내)', 'Rap / Hip-hop (국내)', 'Rock (국내)', 'Electronica (국내)', 'Jazz (국내)', 'OST (국내)']",['모든 분위기']
디우르르 diureureu,1660.0,24.0,674822.0,407.0,28118.0,2518,"['R&B / Soul (국내)', 'Rap / Hip-hop (국내)', 'Rock (국내)', 'Electronica (국내)', 'Electronica (국외)', 'Pop (국외)', 'R&B / Soul (국외)', 'Rap / Hip-hop (국외)', 'Rock (국외)']",['모든 분위기']
일영일일,1340.0,9.0,215429.0,161.0,23937.0,957,['Dance (국내)'],['모든 분위기']
Music Monster,1570.0,46.0,1348588.0,859.0,29317.0,473,"['Jazz (국외)', 'Folk (국외)', 'Blues (국외)', 'New Age']",['모든 분위기']
시월 like Music,1310.0,38.0,460515.0,352.0,12119.0,343,"['Rap / Hip-hop (국내)', 'R&B / Soul (국내)']",['모든 분위기']
"벌스, VERSE PLAYLIST",1380.0,36.0,247152.0,179.0,6865.0,230000,"['Jazz (국외)', 'R&B / Soul (국외)']",['평화로움']
세련 ꜱᴇʟʏᴇᴏɴ,1290.0,34.0,1301945.0,1009.0,38293.0,1752,"['Folk (국내)', 'New Age', 'Classic', 'Electronica (국내)', 'Folk (국내)', 'Ballad (국내)']",['모든 분위기']
𝒎𝒚𝒎𝒖𝒖🌙,1220.0,0.0,0.0,0.0,,-,"['Folk (국내)', 'Blues (국내)', 'Ballad (국내)', 'Rap / Hip-hop (국내)']",['모든 분위기']
mindful,1270.0,16.0,55400.0,44.0,3463.0,-,"['New Age', 'Classic', '뮤직테라피']",['모든 분위기']
"밤도시맑음 Night, City... ",1340.0,36.0,857706.0,640.0,23825.0,1656,"['Ballad (국내)', 'Dance (국내)', 'Rock (국내)', 'Electronica (국내)', 'OST (국내)']",[]
enb,1240.0,18.0,97952.0,79.0,5442.0,545,[],['모든 분위기']
어플리 𝐚𝐩𝐩𝐥𝐚𝐲𝐥𝐢𝐬𝐭,1250.0,15.0,310021.0,248.0,20668.0,2734,"['Ballad (국내)', 'Blues (국내)', 'Dance (국내)', 'Folk (국내)', 'R&B / Soul (국내)', 'Rap / Hip-hop (국내)', 'Rock (국내)', 'Electronica (국내)', 'Jazz (국내)', 'OST (국내)', 'Blues (국외)', 'Country (국외)', 'Electronica (국외)', 'Folk (국외)', 'Pop (국외)', 'EDM (국외)', 'R&B / Soul (국외)', 'Rap / Hip-hop (국외)', 'Rock (국외)', 'Jazz (국외)', 'OST (국외)']",['모든 분위기']
meltingu,1530.0,104.0,175124.0,114.0,1684.0,186,"['Ballad (국내)', 'Blues (국내)', 'Dance (국내)', 'Folk (국내)', 'R&B / Soul (국내)', 'Rap / Hip-hop (국내)', 'Rock (국내)', 'Electronica (국내)', 'Jazz (국내)', 'OST (국내)', 'Blues (국외)', 'Country (국외)', 'Electronica (국외)', 'Folk (국외)', 'Pop (국외)', 'EDM (국외)', 'R&B / Soul (국외)', 'Rap / Hip-hop (국외)', 'Rock (국외)', 'Jazz (국외)', 'OST (국외)']",['모든 분위기']
스튜피,1250.0,47.0,185190.0,148.0,3940.0,393,"['Ballad (국내)', 'Blues (국내)', 'Dance (국내)', 'Folk (국내)', 'R&B / Soul (국내)', 'Rap / Hip-hop (국내)', 'Rock (국내)', 'Electronica (국내)', 'Jazz (국내)', 'OST (국내)', 'Blues (국외)', 'Country (국외)', 'Electronica (국외)', 'Folk (국외)', 'Pop (국외)', 'EDM (국외)', 'R&B / Soul (국외)', 'Rap / Hip-hop (국외)', 'Rock (국외)', 'Electronica (J-Pop)', 'Pop (J-Pop)', 'R&B / Soul (J-Pop)', 'Rap / Hip-hop (J-Pop)', 'Rock (J-Pop)']",['모든 분위기']
나의 정원,1370.0,225.0,489106.0,357.0,2174.0,161,"['Ballad (국내)', 'Blues (국내)', 'Folk (국내)', 'R&B / Soul (국내)']",['모든 분위기']
포푸리스트 POPU playlist,2120.0,123.0,1949871.0,920.0,15853.0,1244,"['Ballad (국내)', 'Blues (국내)', 'Dance (국내)', 'Folk (국내)', 'R&B / Soul (국내)', 'Rap / Hip-hop (국내)', 'Rock (국내)', 'Electronica (국내)', 'Jazz (국내)', 'OST (국내)', 'Blues (국외)', 'Country (국외)', 'Electronica (국외)', 'Folk (국외)', 'Pop (국외)', 'EDM (국외)', 'R&B / Soul (국외)', 'Rap / Hip-hop (국외)', 'Rock (국외)']",['모든 분위기']
나의 바다 𝑺𝑯𝒀 𝑺𝑬𝑨,1260.0,63.0,262442.0,208.0,4166.0,29622,['R&B / Soul (국내)'],[]
소월 sowol,2050.0,22.0,213482.0,104.0,9704.0,2448,"['Folk (국외)', 'Blues (국외)', 'Jazz (국외)', '뮤직테라피']",[]
송윤 Hiphop_Playlist,1220.0,25.0,1137688.0,933.0,45508.0,489,"['Dance (국내)', 'Pop (국외)']",['모든 분위기']
백화,1260.0,57.0,1086204.0,862.0,19056.0,121,"['Folk (국내)', 'Ballad (국내)']",['모든 분위기']
mingyoing,1220.0,31.0,666287.0,546.0,21493.0,473,"['Rap / Hip-hop (국내)', 'R&B / Soul (국내)']",['모든 분위기']
모기버섯MosquitoMushroom,1750.0,60.0,600052.0,343.0,10001.0,2165,"['R&B / Soul (국내)', 'Folk (국내)', 'OST (국외)']",['모든 분위기']
갓생 모먼트,1690.0,77.0,721213.0,427.0,9366.0,767,"['Ballad (국내)', 'Blues (국내)', 'Folk (국내)', 'R&B / Soul (국내)', 'OST (국내)']",['모든 분위기']
눈감으면제주도,1620.0,45.0,370834.0,229.0,8241.0,224,"['Folk (국외)', 'Pop (국외)', 'R&B / Soul (국외)', 'Rock (국외)', 'Electronica (국외)', 'New Age', 'Classic']",['모든 분위기']
뚜리스트(liste de tout),1190.0,60.0,126831.0,107.0,2114.0,542,"['Rap / Hip-hop (국내)', 'R&B / Soul (국내)', 'Folk (국내)', 'Blues (국내)']",['모든 분위기']
노래가좋아서,2970.0,40.0,1498365.0,505.0,37459.0,3490,"['Blues (국외)', 'Country (국외)', 'Electronica (국외)', 'Folk (국외)', 'Pop (국외)', 'EDM (국외)', 'R&B / Soul (국외)', 'Rap / Hip-hop (국외)', 'Rock (국외)', 'CCM (국외)', 'Jazz (국외)', 'OST (국외)']",['모든 분위기']
융플리 yoonplay,1240.0,58.0,103812.0,84.0,1790.0,225,"['Dance (국내)', 'Pop (국외)', 'Folk (국외)', 'Rap / Hip-hop (국내)']",['모든 분위기']
진심,1070.0,9.0,240888.0,225.0,26765.0,3518,"['Ballad (국내)', 'Blues (국내)', 'Dance (국내)', 'Folk (국내)', 'R&B / Soul (국내)', 'Rap / Hip-hop (국내)', 'Rock (국내)', 'Electronica (국내)', 'Jazz (국내)', 'OST (국내)']",['모든 분위기']
미완 𝐦𝐢𝐞,1080.0,38.0,892707.0,827.0,23492.0,1013,"['Ballad (국내)', 'Blues (국내)', 'Dance (국내)', 'Folk (국내)', 'R&B / Soul (국내)', 'Rap / Hip-hop (국내)', 'Rock (국내)', 'Electronica (국내)', 'Jazz (국내)', 'Blues (국외)', 'Country (국외)', 'Electronica (국외)', 'Folk (국외)', 'Pop (국외)', 'EDM (국외)', 'R&B / Soul (국외)', 'Rap / Hip-hop (국외)', 'Rock (국외)', 'New Age', 'Classic']",[]
Moon's Moment,1160.0,23.0,90213.0,78.0,3922.0,1048,"['Ballad (국내)', 'Blues (국내)', 'Folk (국내)', 'R&B / Soul (국내)', 'Blues (국외)', 'Country (국외)', 'Folk (국외)', 'Pop (국외)']",['모든 분위기']
힙링 HipRing,1090.0,7.0,8078.0,7.0,1154.0,740,"['Ballad (국내)', 'Blues (국내)', 'Dance (국내)', 'Folk (국내)', 'R&B / Soul (국내)', 'Rap / Hip-hop (국내)', 'Rock (국내)', 'Electronica (국내)', 'Jazz (국내)', 'OST (국내)', 'Blues (국외)', 'Country (국외)', 'Electronica (국외)', 'Folk (국외)', 'Pop (국외)', 'EDM (국외)', 'R&B / Soul (국외)', 'Rap / Hip-hop (국외)', 'Rock (국외)', 'Jazz (국외)', 'OST (국외)']",['모든 분위기']
혼자사는 윤우주 Spaceyoon,1050.0,68.0,190786.0,182.0,2806.0,23,"['Ballad (국내)', 'Blues (국내)', 'Folk (국내)', 'R&B / Soul (국내)', 'OST (국내)']",['모든 분위기']
손플리_sonplaylist,1030.0,18.0,308938.0,300.0,17163.0,9926,"['Jazz (국내)', 'Pop (국외)']",['모든 분위기']
에어팟중독자⛅,1020.0,84.0,198098.0,194.0,2358.0,-,"['Folk (국내)', 'R&B / Soul (국내)', 'Blues (국내)', 'Jazz (국외)', 'Rap / Hip-hop (국내)']",['모든 분위기']
SeL (Sol et Luna),1080.0,313.0,286833.0,266.0,916.0,176,"['Folk (국외)', 'R&B / Soul (국외)', 'Pop (국외)']",['모든 분위기']
AFTER,1040.0,22.0,392349.0,377.0,17834.0,4241,"['Ballad (국내)', 'Blues (국내)', 'Dance (국내)', 'Folk (국내)', 'R&B / Soul (국내)', 'Rap / Hip-hop (국내)', 'Rock (국내)', 'Electronica (국내)', 'Jazz (국내)', 'Blues (국외)', 'Country (국외)', 'Electronica (국외)', 'Folk (국외)', 'Pop (국외)', 'EDM (국외)', 'R&B / Soul (국외)', 'Rap / Hip-hop (국외)', 'Rock (국외)', 'Electronica (J-Pop)', 'Pop (J-Pop)', 'R&B / Soul (J-Pop)', 'Rap / Hip-hop (J-Pop)', 'Rock (J-Pop)', 'New Age', 'Classic']",[]
깊이 Playlist Deep,2330.0,38.0,326653.0,140.0,8596.0,4281,"['Ballad (국내)', 'Blues (국내)', 'Dance (국내)', 'Folk (국내)', 'R&B / Soul (국내)', 'Rap / Hip-hop (국내)', 'Rock (국내)', 'Electronica (국내)', 'Jazz (국내)', 'OST (국내)', 'Blues (국외)', 'Country (국외)', 'Electronica (국외)', 'Folk (국외)', 'Pop (국외)', 'EDM (국외)', 'R&B / Soul (국외)', 'Rap / Hip-hop (국외)', 'Rock (국외)', 'Jazz (국외)', 'OST (국외)']",[]
APB Music,1170.0,92.0,613890.0,525.0,6673.0,329,"['Ballad (국내)', 'Blues (국내)', 'Dance (국내)', 'Folk (국내)', 'R&B / Soul (국내)', 'Rap / Hip-hop (국내)', 'Rock (국내)', 'Electronica (국내)', 'Jazz (국내)', 'OST (국내)', 'Blues (국외)', 'Country (국외)', 'Electronica (국외)', 'Folk (국외)', 'Pop (국외)', 'EDM (국외)', 'R&B / Soul (국외)', 'Rap / Hip-hop (국외)', 'Rock (국외)', 'Electronica (J-Pop)', 'Pop (J-Pop)', 'R&B / Soul (J-Pop)', 'Rap / Hip-hop (J-Pop)', 'Rock (J-Pop)']",['모든 분위기']
욱플리,1080.0,101.0,272599.0,252.0,2699.0,170,"['Pop (국외)', 'Pop (J-Pop)']",['모든 분위기']
민물연어초밥,822.0,6.0,308030.0,375.0,51338.0,35009,"['Electronica (J-Pop)', 'Pop (J-Pop)', 'R&B / Soul (J-Pop)', 'Rap / Hip-hop (J-Pop)', 'Rock (J-Pop)']",[]
a great grape,803.0,26.0,282206.0,351.0,10854.0,786,"['Folk (국외)', 'Blues (국외)', 'Jazz (국외)', 'Pop (국외)', 'Electronica (국외)']",['모든 분위기']
Le maq,831.0,44.0,126398.0,152.0,2873.0,199,"['Folk (국내)', 'Folk (국외)', 'Ballad (국내)', 'Jazz (국내)', 'Pop (국외)']",['모든 분위기']
𝐚𝐥𝐥 𝐦𝐲 𝐬𝐭𝐨𝐫𝐲,791.0,11.0,149103.0,188.0,13555.0,2489,"['Blues (국외)', 'Country (국외)', 'Electronica (국외)', 'Folk (국외)', 'Pop (국외)', 'EDM (국외)', 'R&B / Soul (국외)', 'Rap / Hip-hop (국외)', 'Rock (국외)', 'CCM (국외)', 'Jazz (국외)', 'OST (국외)']",['모든 분위기']
필름지 filmji,741.0,82.0,159820.0,216.0,1949.0,180,[],['모든 분위기']
징어의 이어폰,2570.0,11.0,501389.0,195.0,45581.0,7609,"['Ballad (국내)', 'Blues (국내)', 'Dance (국내)', 'Folk (국내)', 'R&B / Soul (국내)', 'Rap / Hip-hop (국내)', 'Rock (국내)', 'Electronica (국내)', 'Jazz (국내)', 'OST (국내)', 'Blues (국외)', 'Country (국외)', 'Electronica (국외)', 'Folk (국외)', 'Pop (국외)', 'EDM (국외)', 'R&B / Soul (국외)', 'Rap / Hip-hop (국외)', 'Rock (국외)', 'Electronica (J-Pop)', 'Pop (J-Pop)', 'R&B / Soul (J-Pop)', 'Rap / Hip-hop (J-Pop)', 'Rock (J-Pop)']",['모든 분위기']
자갸피셜,899.0,150.0,278882.0,310.0,1859.0,69,"['New Age', 'Classic', 'Jazz (국내)', 'Folk (국외)']",['모든 분위기']
위로,714.0,307.0,123959.0,174.0,404.0,26,"['Folk (국외)', 'R&B / Soul (국외)', 'Pop (국외)']",['모든 분위기']
잘 모르는 노래,683.0,18.0,88435.0,129.0,4913.0,301,['OST (국내)'],['모든 분위기']
인,668.0,28.0,134624.0,202.0,4808.0,182,"['New Age', 'Classic']",[]
내아모,827.0,368.0,221627.0,268.0,602.0,17,"['Ballad (국내)', 'Blues (국내)', 'Folk (국내)', 'R&B / Soul (국내)', 'Rock (국내)']",[]
LETTERS,639.0,50.0,127542.0,200.0,2551.0,186,"['Ballad (국내)', 'Blues (국내)', 'Folk (국내)', 'R&B / Soul (국내)', 'Rap / Hip-hop (국내)', 'Rock (국내)', 'Electronica (국내)', 'OST (국내)']",['모든 분위기']
연재,591.0,12.0,169085.0,286.0,14090.0,2474,"['Blues (국외)', 'Country (국외)', 'Electronica (국외)', 'Folk (국외)', 'Pop (국외)', 'EDM (국외)', 'R&B / Soul (국외)', 'Rap / Hip-hop (국외)', 'Rock (국외)', 'Jazz (국외)', 'OST (국외)', 'Ballad (국내)', 'Dance (국내)', 'Rock (국내)', 'Electronica (국내)', 'OST (국내)']",['모든 분위기']
수비ply,584.0,38.0,333631.0,571.0,8780.0,5832,"['Pop (국외)', 'Ballad (국내)', 'Folk (국내)', 'R&B / Soul (국내)']",['모든 분위기']
956pm,606.0,14.0,81530.0,135.0,5824.0,1431,"['Ballad (국내)', 'Blues (국내)', 'Folk (국내)', 'R&B / Soul (국내)']",['모든 분위기']
쿠잉 Cooing,595.0,16.0,295492.0,497.0,18468.0,414,"['Folk (국외)', 'Rap / Hip-hop (국외)', 'R&B / Soul (국내)', 'Rap / Hip-hop (국내)']",['모든 분위기']
유앤지 𝙔𝙊𝙐-𝙉𝙂,3050.0,67.0,1529630.0,502.0,22830.0,4208,"['Ballad (국내)', 'Blues (국내)', 'Dance (국내)', 'Folk (국내)', 'R&B / Soul (국내)', 'Rap / Hip-hop (국내)', 'Rock (국내)', 'Electronica (국내)', 'OST (국내)']",['모든 분위기']
트러플리 𝐓𝐫𝐮𝐟𝐟𝐥𝐞 𝐏𝐥𝐚𝐲𝐥𝐢𝐬𝐭,578.0,24.0,109875.0,190.0,4578.0,447,"['Blues (국외)', 'Country (국외)', 'Electronica (국외)', 'Folk (국외)', 'Pop (국외)', 'EDM (국외)', 'R&B / Soul (국외)', 'Rap / Hip-hop (국외)', 'Rock (국외)', 'CCM (국외)', 'Jazz (국외)', 'OST (국외)']",['모든 분위기']
#scene,596.0,64.0,250173.0,420.0,3909.0,1324,"['Dance (국내)', 'Rap / Hip-hop (국내)', 'Folk (국내)', 'R&B / Soul (국내)', 'Ballad (국내)']","['몽환', '코믹', '희망', '모든 분위기']"
뮤직로그 Music log,704.0,151.0,186148.0,264.0,1233.0,198,"['New Age', 'Classic', '뮤직테라피', 'Electronica (국외)', 'Rap / Hip-hop (국외)', 'Pop (국외)', 'R&B / Soul (국외)']",['모든 분위기']
해피 유 이어 Happy Your Ear,560.0,51.0,173894.0,311.0,3410.0,693,"['Ballad (국내)', 'Folk (국내)', 'R&B / Soul (국내)', 'Jazz (국내)', 'Pop (국외)', 'Rap / Hip-hop (국내)']",['모든 분위기']
힙햄,519.0,3.0,270033.0,520.0,90011.0,6063,"['Ballad (국내)', 'Blues (국내)', 'Dance (국내)', 'Folk (국내)', 'R&B / Soul (국내)', 'Rap / Hip-hop (국내)', 'Rock (국내)', 'Electronica (국내)', 'Jazz (국내)', 'OST (국내)', 'Blues (국외)', 'Country (국외)', 'Electronica (국외)', 'Folk (국외)', 'Pop (국외)', 'EDM (국외)', 'R&B / Soul (국외)', 'Rap / Hip-hop (국외)', 'Rock (국외)', 'Jazz (국외)', 'OST (국외)']",['모든 분위기']
hyuns 지금 이순간,544.0,81.0,95363.0,175.0,1177.0,110,"['Pop (국외)', 'Folk (국외)', 'R&B / Soul (국외)', 'Electronica (국외)']",['모든 분위기']
나비_《蝶々》,567.0,10.0,484415.0,854.0,48442.0,1279,"['Ballad (국내)', 'Blues (국내)', 'Dance (국내)', 'Folk (국내)', 'R&B / Soul (국내)', 'Rap / Hip-hop (국내)', 'Rock (국내)', 'Electronica (국내)', 'Jazz (국내)', 'OST (국내)', 'Blues (국외)', 'Country (국외)', 'Electronica (국외)', 'Folk (국외)', 'Pop (국외)', 'EDM (국외)', 'R&B / Soul (국외)', 'Rap / Hip-hop (국외)', 'Rock (국외)', 'Electronica (J-Pop)', 'Pop (J-Pop)', 'R&B / Soul (J-Pop)', 'Rap / Hip-hop (J-Pop)', 'Rock (J-Pop)']",['모든 분위기']
지의,570.0,41.0,53031.0,93.0,1293.0,903,"['Blues (국내)', 'Folk (국내)', 'R&B / Soul (국내)']",['모든 분위기']
아.,485.0,81.0,64057.0,132.0,791.0,2800,"['Ballad (국내)', 'Folk (국내)']",[]
attractions,399.0,0.0,0.0,0.0,,1145,"['Ballad (국내)', 'Blues (국내)', 'Dance (국내)', 'Folk (국내)', 'R&B / Soul (국내)', 'Rap / Hip-hop (국내)', 'Rock (국내)', 'Electronica (국내)', 'Jazz (국내)', 'OST (국내)']",['모든 분위기']
상록숲,461.0,9.0,68761.0,149.0,7640.0,11260,"['Ballad (국내)', 'Pop (국외)', 'R&B / Soul (국외)', 'R&B / Soul (J-Pop)']",['모든 분위기']
나 가져 너가,476.0,10.0,527517.0,1108.0,52752.0,2064,"['Ballad (국내)', 'Blues (국내)', 'Folk (국내)', 'R&B / Soul (국내)', 'Rap / Hip-hop (국내)', 'Rock (국내)', 'Electronica (국내)']",['모든 분위기']
비터버터베터🧈,516.0,19.0,252155.0,489.0,13271.0,5945,"['Ballad (국내)', 'Blues (국내)', 'Dance (국내)', 'Folk (국내)', 'R&B / Soul (국내)', 'Rap / Hip-hop (국내)', 'Rock (국내)', 'Electronica (국내)', 'Jazz (국내)', 'OST (국내)', 'Blues (국외)', 'Country (국외)', 'Electronica (국외)', 'Folk (국외)', 'Pop (국외)', 'EDM (국외)', 'R&B / Soul (국외)', 'Rap / Hip-hop (국외)', 'Rock (국외)']",['모든 분위기']
유주씨 yujussi,461.0,9.0,60621.0,131.0,6736.0,1876,"['Rap / Hip-hop (국내)', 'Ballad (국내)']",['모든 분위기']
ColdOil,447.0,26.0,134644.0,301.0,5179.0,159,"['Blues (국외)', 'Country (국외)', 'Folk (국외)', 'Pop (국외)', 'R&B / Soul (국외)', 'Jazz (국외)', 'OST (국외)', 'Electronica (국외)', 'Rock (국외)', 'R&B / Soul (국내)', 'Rap / Hip-hop (국내)', 'Rock (국내)']",['모든 분위기']
Let's Nomad,444.0,66.0,135285.0,305.0,2050.0,102,"['Pop (국외)', 'Blues (국외)', 'R&B / Soul (국내)', 'Ballad (국내)', 'Folk (국내)']",['모든 분위기']
김도비,417.0,3.0,128280.0,308.0,42760.0,15338,"['Pop (국외)', 'Folk (국외)', 'R&B / Soul (국외)', 'Blues (국외)']",['모든 분위기']
단잠 𝐈𝐧𝐟𝐩 𝐏𝐥𝐚𝐲𝐥𝐢𝐬𝐭,487.0,24.0,95913.0,197.0,3996.0,632,"['Ballad (국내)', 'Blues (국내)', 'Folk (국내)', 'R&B / Soul (국내)']",['모든 분위기']
zZZ,436.0,103.0,73450.0,168.0,713.0,91,"['OST (국내)', 'Rap / Hip-hop (국외)', 'Ballad (국내)']",[]
또자캣,405.0,36.0,152674.0,377.0,4241.0,-,"['Ballad (국내)', 'Blues (국내)', 'Folk (국내)', 'R&B / Soul (국내)', 'Rap / Hip-hop (국내)', 'Rock (국내)', 'Electronica (국내)', 'Jazz (국내)', 'OST (국내)']",['모든 분위기']
라피나의방,1470.0,25.0,250664.0,171.0,10027.0,29601,"['Rap / Hip-hop (국내)', 'R&B / Soul (국내)', 'Rock (국외)', 'R&B / Soul (국외)']","['어둠', '차분함', '섹시']"
조금 𝑱𝑶,392.0,37.0,373341.0,952.0,10090.0,1131,"['Ballad (국내)', 'Blues (국내)', 'Dance (국내)', 'Folk (국내)', 'R&B / Soul (국내)', 'Rap / Hip-hop (국내)', 'Rock (국내)', 'Electronica (국내)', 'Jazz (국내)', 'OST (국내)']",['모든 분위기']
INTJ의 음악 저장소,412.0,33.0,264779.0,643.0,8024.0,1361,"['Ballad (국내)', 'Blues (국내)', 'Folk (국내)', 'R&B / Soul (국내)', 'Rap / Hip-hop (국내)', 'Rock (국내)', 'Electronica (국내)', 'Jazz (국내)', 'OST (국내)']",['모든 분위기']
헤뷰,381.0,22.0,36557.0,96.0,1662.0,2692,"['New Age', '뮤직테라피']",['모든 분위기']
bluecalendar 블루캘린더,404.0,32.0,5348.0,13.0,167.0,3158,"['Ballad (국내)', 'Blues (국내)', 'Dance (국내)', 'Folk (국내)', 'R&B / Soul (국내)', 'Rap / Hip-hop (국내)', 'Rock (국내)', 'OST (국내)']","['떠있는 느낌', '몽환', '희망', '차분함', '섹시', '모든 분위기']"
Jean 선우,305.0,23.0,212859.0,698.0,9255.0,402,['Ballad (국내)'],['모든 분위기']
테리메리 terry merry,1000.0,42.0,686510.0,687.0,16345.0,0,"['OST (국외)', '뮤직테라피', 'New Age']",['여유']
인프피터 INFPeter,302.0,36.0,42424.0,140.0,1178.0,557,"['Ballad (국내)', 'Blues (국내)', 'Dance (국내)', 'Folk (국내)', 'R&B / Soul (국내)', 'Rap / Hip-hop (국내)', 'Rock (국내)', 'Electronica (국내)', 'Jazz (국내)', 'OST (국내)']",['모든 분위기']
발신자표시제한,267.0,57.0,51829.0,194.0,909.0,493,"['Ballad (국내)', 'Blues (국내)', 'Folk (국내)', 'R&B / Soul (국내)', 'OST (국내)']",['모든 분위기']
JJABJANG,275.0,27.0,25394.0,92.0,941.0,208,"['New Age', 'Classic']",['모든 분위기']
TELEPOPz,190.0,45.0,27121.0,143.0,603.0,200,['New Age'],['모든 분위기']
음악간식,141.0,125.0,63558.0,451.0,508.0,12,"['Ballad (국내)', 'Blues (국내)', 'Dance (국내)', 'Folk (국내)', 'R&B / Soul (국내)', 'Rap / Hip-hop (국내)', 'Rock (국내)', 'Electronica (국내)', 'Jazz (국내)', 'OST (국내)']",['모든 분위기']
김키키,509.0,106.0,466377.0,916.0,4400.0,12317,[],[]
모호빌리지 | Moho Village,144.0,2.0,5207.0,36.0,2604.0,16537,[],[]
플리피 𝐏𝐋𝐄𝐄𝐏𝐘,587.0,14.0,1147.0,2.0,82.0,-,"['Ballad (국내)', 'Pop (국외)', 'R&B / Soul (국외)', 'Rap / Hip-hop (국외)']","['부드러움', '모든 분위기', '우아한']"
헤브어굿원.,129.0,21.0,5491.0,43.0,261.0,693,"['Ballad (국내)', 'Blues (국내)', 'Dance (국내)', 'Folk (국내)', 'R&B / Soul (국내)', 'Rap / Hip-hop (국내)', 'Rock (국내)', 'Electronica (국내)', 'Jazz (국내)', 'Blues (국외)', 'Country (국외)', 'Electronica (국외)', 'Folk (국외)', 'Pop (국외)', 'EDM (국외)', 'R&B / Soul (국외)', 'Rap / Hip-hop (국외)', 'Rock (국외)']",[]
PLAY_LUCY플레이루시,171.0,12.0,46981.0,275.0,3915.0,629,"['Jazz (국외)', 'Jazz (국내)']",['모든 분위기']
본때 ʙᴏʀɴᴛᴀᴇ ᴘʟᴀʏʟɪꜱᴛ,39.0,5.0,34956.0,896.0,6991.0,1304,"['Blues (국외)', 'Country (국외)', 'Electronica (국외)', 'Folk (국외)', 'Pop (국외)', 'EDM (국외)', 'R&B / Soul (국외)', 'Rap / Hip-hop (국외)', 'Rock (국외)', 'CCM (국외)', 'Jazz (국외)', 'OST (국외)']",[]
파랑 波浪,31.0,15.0,1143.0,37.0,76.0,16,['New Age'],['모든 분위기']
Green Piano,29.0,24.0,2916.0,101.0,122.0,8,['New Age'],['모든 분위기']
Dayoff,29.0,26.0,4340.0,150.0,167.0,18,['New Age'],['모든 분위기']
be my blue,27.0,16.0,3527.0,131.0,220.0,58,['New Age'],['모든 분위기']
Persona,18.0,13.0,2231.0,124.0,172.0,288,['New Age'],['모든 분위기']
오슬로 O'slow,12.0,17.0,2388.0,199.0,140.0,262,['New Age'],['모든 분위기']
Piano Library,11.0,18.0,1751.0,159.0,97.0,7,['New Age'],['모든 분위기']
Low Espresso,8.0,10.0,569.0,71.0,57.0,6,['New Age'],['모든 분위기']
Gardener 가드너,7.0,11.0,202.0,29.0,18.0,47,['New Age'],['모든 분위기']
윤유화,3.0,23.0,4239.0,1413.0,184.0,28,['New Age'],['모든 분위기']
