channel_name,subscribers,video_num,total_view,vs_index,vv_index,cpi,genres,moods
때껄룩ᴛᴀᴋᴇ ᴀ ʟᴏᴏᴋ,1930000,408,708387927,367,1736245,41120,"Folk (국외), Pop (국외), R&B / Soul (국외), Rap / Hip-hop (국외), Blues (국내), Blues (국내), R&B / Soul (국내), Rap / Hip-hop (국내), Dance (국내)",모든 분위기
때잉,1600000,534,1456338835,910,2727226,-,"Pop (국외), Dance (국내), Folk (국내), R&B / Soul (국내), R&B / Soul (국외), Folk (국외)",모든 분위기
essential;,1420000,442,319202926,225,722179,26917,"Ballad (국내), Pop (국외), Rap / Hip-hop (국외), R&B / Soul (국외), Folk (국외)",모든 분위기
쏘플 soso playlist,1350000,349,1004560304,744,2878396,149705,"OST (국내), OST (국외), Pop (국외), R&B / Soul (국외), Folk (국외), R&B / Soul (국내)",모든 분위기
LQ KPOP,956000,63,159671540,167,2534469,50992,Dance (국내),"행복, 다이내믹 템포, 몽환"
기몽초,899000,386,602414848,670,1560660,26721,"Pop (국외), R&B / Soul (국외), Dance (국내), OST (국외), R&B / Soul (국내), Folk (국외)",모든 분위기
리플레이LEEPLAY,867000,280,229103900,264,818228,20139,"Blues (국외), Country (국외), Folk (국외), Pop (국외), R&B / Soul (국외), Rock (국외), Jazz (국외)",모든 분위기
네고막을책임져도될까,795000,274,156825225,197,572355,22806,"Blues (국외), Country (국외), Folk (국외), Pop (국외), R&B / Soul (국외), Rock (국외), Jazz (국외)",모든 분위기
H녀,693000,314,288584557,416,919059,40073,"Pop (국외), R&B / Soul (국외), Folk (국외), Country (국외), Rock (국외)",모든 분위기
table w,663000,89,500142961,754,5619584,24578,"Pop (국외), R&B / Soul (국외), Folk (국외), Country (국외), Rock (국외)",모든 분위기
읏추읏추,490000,273,197599729,403,723809,-,"Pop (국외), R&B / Soul (국외), Folk (국외), Country (국외), Rock (국외)",모든 분위기
찐막 JJINMAK,492000,257,242836796,494,944890,-,"Ballad (국내), Blues (국내), Dance (국내), Folk (국내), R&B / Soul (국내), Rap / Hip-hop (국내), Rock (국내), Electronica (국내), OST (국내)",모든 분위기
직키(Zickii),477000,712,453686099,951,637200,10323,"Pop (국외), R&B / Soul (국외), Folk (국외), Country (국외), Rock (국외)",모든 분위기
Sea Pearl,464000,68,71602107,154,1052972,207368,"New Age, Classic, R&B / Soul (국외), Blues (국내), Folk (국내), Blues (국외), Folk (국외)",모든 분위기
민플리ᴘʟᴀʏʟɪsᴛ,409000,314,116217265,284,370119,801182,"Ballad (국내), Blues (국내), Dance (국내), Folk (국내), R&B / Soul (국내), Rap / Hip-hop (국내), Rock (국내), Electronica (국내), Jazz (국내), Blues (국외), Country (국외), Electronica (국외), Folk (국외), Pop (국외), EDM (국외), R&B / Soul (국외), Rap / Hip-hop (국외), Rock (국외)",모든 분위기
알파,415000,2488,1130754608,2725,454483,647,"Ballad (국내), Blues (국내), Dance (국내), Folk (국내), R&B / Soul (국내), Rap / Hip-hop (국내), Rock (국내), Electronica (국내), Jazz (국내), OST (국내), Blues (국외), Country (국외), Electronica (국외), Folk (국외), Pop (국외), EDM (국외), R&B / Soul (국외), Rap / Hip-hop (국외), Rock (국외), Jazz (국외), OST (국외)",
my blue valentine,384000,77,58951525,154,765604,524013,"New Age, Classic, 뮤직테라피, Jazz (국외), Jazz (국내)",모든 분위기
BeiGe Mellow 베이지멜로우,374000,567,139235516,372,245565,1415,"New Age, Classic, 뮤직테라피",모든 분위기
thanks for coming.,355000,310,56379334,159,181869,7667,"Jazz (국외), New Age, Classic, 뮤직테라피, R&B / Soul (국외), Pop (국외)",모든 분위기
모트모트TV,388000,1382,319303041,823,231044,4740,"Dance (국내), Rock (국내), Folk (국내), R&B / Soul (국내), Pop (국외), OST (국내), OST (국외), Jazz (국내), Jazz (국외)","몽환, 유쾌, 희망, 편안함"
레몬쓰,335000,366,169032433,505,461837,-,"Ballad (국내), Folk (국내), Rock (국내), Blues (국내), R&B / Soul (국내), Rap / Hip-hop (국내), Dance (국내)",모든 분위기
𝐓𝐮𝐫𝐧𝐢𝐧𝐠𝐏𝐨𝐢𝐧𝐭 𝐌𝐮𝐬𝐢𝐜,304000,862,119875587,394,139067,702,"Ballad (국내), Blues (국내), Dance (국내), Folk (국내), R&B / Soul (국내), Rap / Hip-hop (국내), Rock (국내), Electronica (국내), Jazz (국내), Blues (국외), Country (국외), Electronica (국외), Folk (국외), Pop (국외), EDM (국외), R&B / Soul (국외), Rap / Hip-hop (국외), Rock (국외), Electronica (J-Pop), Pop (J-Pop), R&B / Soul (J-Pop), Rap / Hip-hop (J-Pop), Rock (J-Pop), New Age, Classic",모든 분위기
메르헨 Marchen,321000,244,54010223,168,221353,11361,"New Age, Classic","몽환, 우아한, 미스테리, 모든 분위기"
JAZZ IS EVERYWHERE,290000,147,33454835,115,227584,11781,"Jazz (국외), Jazz (국내)",모든 분위기
MONKEY BGM,283000,350,96016562,339,274333,1108,"Jazz (국외), Jazz (국내), New Age, 뮤직테라피",모든 분위기
All was well,319000,215,59745782,187,277887,22329,"New Age, Classic",모든 분위기
눈에띠네,232000,229,122390882,528,534458,-,"Ballad (국내), Folk (국내), Rock (국내), Blues (국내), R&B / Soul (국내), Rap / Hip-hop (국내), Dance (국내)",모든 분위기
원플리 Oneplaylist,232000,221,52863872,228,239203,4580,"Ballad (국내), Blues (국내), Dance (국내), Folk (국내), R&B / Soul (국내), Rap / Hip-hop (국내), Rock (국내), Electronica (국내), Jazz (국내), Blues (국외), Country (국외), Electronica (국외), Folk (국외), Pop (국외), EDM (국외), R&B / Soul (국외), Rap / Hip-hop (국외), Rock (국외), Electronica (J-Pop), Pop (J-Pop), R&B / Soul (J-Pop), Rap / Hip-hop (J-Pop), Rock (J-Pop)",모든 분위기
히조heejo,245000,233,19906691,81,85436,6481,,"행복, 희망, 편안함, 차분함, 로맨틱"
by the way,216000,137,35482314,164,258995,19665,"New Age, Classic, 뮤직테라피",모든 분위기
새던,213000,81,25057608,118,309353,-,"New Age, Classic, 뮤직테라피","슬픔, 감성적"
Ode Studio Seoul,203000,174,32309831,159,185689,11593,"Ballad (국내), Folk (국내), Rock (국내), Blues (국내), R&B / Soul (국내), Rap / Hip-hop (국내), Dance (국내)",모든 분위기
나만 듣기 아까운 노래,195000,1098,169241185,868,154136,503046,"Rap / Hip-hop (국내), R&B / Soul (국내), Dance (국내)",모든 분위기
밤공원,247000,333,192343644,779,577609,26813,"Ballad (국내), Dance (국내), Rock (국내), Electronica (국내), OST (국내)",모든 분위기
음악여우,190000,147,62579808,329,425713,22544,"트로트, Ballad (국내), Blues (국내), Dance (국내), Folk (국내), R&B / Soul (국내), Rap / Hip-hop (국내), Rock (국내)",모든 분위기
Wooden Chair 우든체어,178000,435,47918718,269,110158,-,"Jazz (국외), Jazz (국내), New Age, 뮤직테라피",모든 분위기
offweb,194000,173,27245014,140,157486,12185,"Jazz (국외), Blues (국외), Country (국외), Folk (국외), Pop (국외), R&B / Soul (국외), Rock (국외)",모든 분위기
맬러리 뮤직 Mallory Music,162000,154,27938856,172,181421,112644,"Blues (국외), Country (국외), Electronica (국외), Folk (국외), Pop (국외), R&B / Soul (국외), Rock (국외)",모든 분위기
Blue rain,208000,126,82487862,397,654666,7861,"Blues (국외), Country (국외), Electronica (국외), Folk (국외), Pop (국외), EDM (국외), R&B / Soul (국외), Rap / Hip-hop (국외), Rock (국외), Jazz (국외)",모든 분위기
웅키,358000,1411,696132694,1945,493361,358662,"Ballad (국내), Dance (국내), Folk (국내), R&B / Soul (국내), Rap / Hip-hop (국내), Blues (국내), OST (국내)",모든 분위기
mycozypop,161000,332,53599116,333,161443,24158,"Ballad (국내), Blues (국내), Dance (국내), Folk (국내), R&B / Soul (국내), Rap / Hip-hop (국내), Rock (국내), Electronica (국내), Blues (국외), Country (국외), Electronica (국외), Folk (국외), Pop (국외), EDM (국외), R&B / Soul (국외), Rap / Hip-hop (국외), Rock (국외)",모든 분위기
sehooninseoul,170000,596,52275419,308,87710,2755,"Ballad (국내), Blues (국내), Dance (국내), Folk (국내), R&B / Soul (국내), Rap / Hip-hop (국내), Rock (국내), Electronica (국내), Blues (국외), Country (국외), Electronica (국외), Folk (국외), Pop (국외), EDM (국외), R&B / Soul (국외), Rap / Hip-hop (국외), Rock (국외)",모든 분위기
감성 저장소,170000,431,45895675,270,106486,1062,"Ballad (국내), Blues (국내), Folk (국내), R&B / Soul (국내), OST (국내)",모든 분위기
솧디 DJSOHEE,147000,126,49974649,340,396624,123228,"Blues (국외), Country (국외), Electronica (국외), Folk (국외), Pop (국외), EDM (국외), R&B / Soul (국외), Rap / Hip-hop (국외), Rock (국외), CCM (국외), Jazz (국외), OST (국외)",모든 분위기
일상의 효정,175000,330,51166132,292,155049,9872,"Ballad (국내), Blues (국내), Dance (국내), Folk (국내), R&B / Soul (국내), Rap / Hip-hop (국내), Rock (국내), Electronica (국내), Jazz (국내), OST (국내), Blues (국외), Country (국외), Electronica (국외), Folk (국외), Pop (국외), EDM (국외), R&B / Soul (국외), Rap / Hip-hop (국외), Rock (국외), Electronica (J-Pop), Pop (J-Pop), R&B / Soul (J-Pop), Rap / Hip-hop (J-Pop), Rock (J-Pop), New Age, Classic",모든 분위기
#yeLocDirAe 옐럭,139000,362,48073822,346,132801,1927,"Electronica (국외), Pop (국외), EDM (국외), R&B / Soul (국외), Rap / Hip-hop (국외), Rock (국외)",
GRASS COTTON 그래스코튼,171000,413,59741922,349,144654,736,"New Age, 뮤직테라피",평화로움
Music is My Life,137000,623,39058526,285,62694,1000,"Ballad (국내), Folk (국내), Rock (국내), Blues (국내), R&B / Soul (국내), Rap / Hip-hop (국내)",모든 분위기
율다우TV,145000,1257,76364210,527,60751,1425,"New Age, Classic, 뮤직테라피",모든 분위기
Milky Way,121000,51,74390,1,1459,4750,"OST (국외), New Age, Classic, 뮤직테라피",모든 분위기
기분Jazz네 | Mood is Jazz,244000,143,58657422,240,410192,6902,"Jazz (국내), Jazz (국외), Blues (국외)",모든 분위기
지태선 𝙄 𝙟𝙪𝙨𝙩 𝙡𝙞𝙠𝙚 𝙢𝙪𝙨𝙞𝙘,131000,225,31993076,244,142191,52518,"Ballad (국내), Folk (국내), Rock (국내), Blues (국내), R&B / Soul (국내), Rap / Hip-hop (국내), R&B / Soul (국외), Rap / Hip-hop (국외)",모든 분위기
SeopLee 섭리,131000,50,39376776,301,787536,85650,"Blues (국외), Country (국외), Electronica (국외), Folk (국외), Pop (국외), EDM (국외), R&B / Soul (국외), Rap / Hip-hop (국외), Rock (국외)",모든 분위기
루프탑뮤직 Rooftop Music,126000,565,36199236,287,64069,412,"Ballad (국내), Folk (국내), Rock (국내), Blues (국내), R&B / Soul (국내), Rap / Hip-hop (국내), Dance (국내), Electronica (국내)",모든 분위기
핑프,174000,279,132803687,763,475999,-,"Ballad (국내), Blues (국내), Dance (국내), Folk (국내), R&B / Soul (국내), Rap / Hip-hop (국내), Rock (국내), Electronica (국내)",모든 분위기
낭만호테 해피챌린지100... ,142000,2321,10003263,70,4310,362,"New Age, Classic, 뮤직테라피",모든 분위기
호정 HOJUNG [𝐏𝐋𝐀𝐘𝐋𝐈𝐒𝐓],154000,90,29918784,194,332431,38332,"Ballad (국내), Folk (국내), Rock (국내), Blues (국내), Blues (국외), Country (국외), Folk (국외), Pop (국외), R&B / Soul (국외)",모든 분위기
이상한 나라의 매디,145000,331,77814723,537,235090,11523,"Country (국외), Folk (국외), Pop (국외), R&B / Soul (국외), Rock (국외)",모든 분위기
재즈오빠 Jazzoppa,176000,78,20902601,119,267982,23329,"Jazz (국내), Jazz (국외), Blues (국외)",모든 분위기
온에잇 𝐎𝐧 𝟖𝐢𝐠𝐡𝐭,134000,295,38939553,291,131998,6179,"Rock (국내), Rock (국외)",모든 분위기
들어보송song,116000,454,33360615,288,73482,1953,"Electronica (국외), Folk (국외), Pop (국외), R&B / Soul (국외), Rock (국외)",모든 분위기
문화인 - MUN HWA IN,125000,860,34094990,273,39645,684,"Ballad (국내), Folk (국내), Rock (국내), Blues (국내)",모든 분위기
낮달,146000,225,33263881,228,147839,19686,"New Age, 기타",모든 분위기
재하의 새벽 Jaeha's... ,128000,682,59891470,468,87817,895,"Ballad (국내), Folk (국내), Rock (국내), Blues (국내)",모든 분위기
아틀란티스의 팝송채널,177000,1061,80499897,455,75872,2899,"Blues (국외), Country (국외), Electronica (국외), Folk (국외), Pop (국외), EDM (국외), R&B / Soul (국외), Rap / Hip-hop (국외), Rock (국외), CCM (국외), Jazz (국외), OST (국외)",
나의플레이리스트 ɴᴀᴘʟʏ,114000,102,51776279,454,507611,17983,"Ballad (국내), Blues (국내), Dance (국내), Folk (국내), R&B / Soul (국내), Rap / Hip-hop (국내), Rock (국내), Electronica (국내)",모든 분위기
이맹구,107000,55,21627521,202,393228,3784,"R&B / Soul (국내), Rap / Hip-hop (국내), Rock (국내), Electronica (국내), Electronica (국외), Pop (국외), R&B / Soul (국외), Rap / Hip-hop (국외), Rock (국외)",모든 분위기
레이백 ʟᴀʏʙᴀᴄᴋ,158000,104,24815744,157,238613,9450,"Rap / Hip-hop (국내), R&B / Soul (국내), R&B / Soul (국외), Rap / Hip-hop (국외), Pop (국외), Rap / Hip-hop (국외), Rock (국외)",모든 분위기
마인드피아노 MIND PIANO,132000,282,66114254,501,234448,1805,New Age,모든 분위기
스너그 ᴘʟᴀʏʟɪꜱᴛ,117000,647,79624033,681,123067,2315,"Dance (국내), Rap / Hip-hop (국내), R&B / Soul (국내), Ballad (국내), Folk (국내), Rock (국내), Blues (국내), Pop (국외), Rap / Hip-hop (국외), R&B / Soul (국외)",모든 분위기
쉐어룸 ꜱʜᴀʀᴇ ʀᴏᴏᴍ,102000,240,27328923,268,113871,2752,"Ballad (국내), Blues (국내), Dance (국내), Folk (국내), R&B / Soul (국내), Rap / Hip-hop (국내), Rock (국내), Electronica (국내), Blues (국외), Country (국외), Electronica (국외), Folk (국외), Pop (국외), EDM (국외), R&B / Soul (국외), Rap / Hip-hop (국외), Rock (국외)",모든 분위기
윤시월,105000,112,10862028,103,96982,10848,"Ballad (국내), Folk (국내), Rock (국내), Blues (국내)",모든 분위기
쥅쥅,132000,1161,82339959,624,70922,1014,"R&B / Soul (국내), Rap / Hip-hop (국내), Rock (국내), Electronica (국내), Electronica (국외), Pop (국외), R&B / Soul (국외), Rap / Hip-hop (국외), Rock (국외)",모든 분위기
언노움 ᴜɴᴋɴᴏᴡᴍ,108000,233,40084155,371,172035,8730,"Ballad (국내), Blues (국내), Dance (국내), Folk (국내), R&B / Soul (국내), Rap / Hip-hop (국내), Rock (국내), Electronica (국내), Jazz (국내), OST (국내), Blues (국외), Country (국외), Electronica (국외), Folk (국외), Pop (국외), EDM (국외), R&B / Soul (국외), Rap / Hip-hop (국외), Rock (국외), New Age, Classic",모든 분위기
별빛바램 ᴘʟᴀʏʟɪsᴛ,98800,39,21206453,215,543755,-,"Dance (국내), R&B / Soul (국내), Ballad (국내), Ballad (국내), Rap / Hip-hop (국내)",모든 분위기
팝플리,102000,42,273410,3,6510,13402,"Blues (국외), Country (국외), Electronica (국외), Folk (국외), Pop (국외), EDM (국외), R&B / Soul (국외), Rap / Hip-hop (국외), Rock (국외), CCM (국외), Jazz (국외), OST (국외)",
덧칠The Chill,106000,146,24039947,227,164657,19255,"R&B / Soul (국내), Rap / Hip-hop (국내), Rock (국내), Electronica (국내), Electronica (국외), Pop (국외), R&B / Soul (국외), Rap / Hip-hop (국외), Rock (국외)",모든 분위기
wave,132000,82,13770950,104,167938,30050,"New Age, Classic, R&B / Soul (국외), Blues (국내), Folk (국내), Blues (국외), Folk (국외)",모든 분위기
남자사람친구,99300,622,60088643,605,96606,299,"Ballad (국내), Blues (국내), Dance (국내), Folk (국내), R&B / Soul (국내), Rap / Hip-hop (국내), Rock (국내), Electronica (국내)",모든 분위기
인디인디 In The Indie,135000,1125,63472077,470,56420,1464,"Ballad (국내), Folk (국내), Rock (국내), Blues (국내), R&B / Soul (국내)",모든 분위기
비쁠,107000,149,22552914,211,151362,20580,"Electronica (J-Pop), Pop (J-Pop), R&B / Soul (J-Pop), Rap / Hip-hop (J-Pop), Rock (J-Pop)",모든 분위기
찬사,101000,68,15531783,154,228409,24498,"Electronica (국외), New Age, Classic, 뮤직테라피",모든 분위기
맛있는음악박사,159000,408,207814321,1307,509349,-,"Blues (국내), R&B / Soul (국내), Rap / Hip-hop (국내), Pop (국외), R&B / Soul (국외), Rap / Hip-hop (국외)",모든 분위기
바이올렛 피즈 Violet fizz,89300,272,25594436,287,94097,-,"Blues (국외), Country (국외), Electronica (국외), Folk (국외), Pop (국외), EDM (국외), R&B / Soul (국외), Rap / Hip-hop (국외), Rock (국외)",모든 분위기
아무튼,112000,19,17567212,157,924590,133808,"기타, New Age",모든 분위기
youngJU_the muze,95300,317,117041212,1228,369215,1562,,모든 분위기
아 퇴사하고싶다,87900,756,39623212,451,52412,187,"Ballad (국내), Dance (국내), R&B / Soul (국내), Rap / Hip-hop (국내), Rock (국내)",모든 분위기
𝐲𝐮𝐧𝐳𝐢𝐳𝐢 윤지지,117000,59,18447577,158,312671,33053,"New Age, Classic, 뮤직테라피",모든 분위기
내가 듣고싶어서 만든... ,96100,121,15546282,162,128482,70056,"R&B / Soul (국내), Rap / Hip-hop (국내), Rock (국내), Electronica (국내), Electronica (국외), Pop (국외), R&B / Soul (국외), Rap / Hip-hop (국외), Rock (국외)",모든 분위기
조거북,86700,341,89632622,1034,262852,2163,"Ballad (국내), Dance (국내), Rock (국내), Electronica (국내), OST (국내)",모든 분위기
형빈 Thinking about you,84600,332,24879282,294,74938,860,"R&B / Soul (국내), Rap / Hip-hop (국내), R&B / Soul (국외), Rap / Hip-hop (국외), Rap / Hip-hop (국외), Pop (국외)",모든 분위기
김파란,93400,85,15715821,168,184892,387120,"Country (국외), Electronica (국외), Folk (국외), Pop (국외), R&B / Soul (국외), Rock (국외)",모든 분위기
구구 Playlist,83900,195,74551645,889,382316,11736,"Ballad (국내), Dance (국내), Rock (국내), Electronica (국내), OST (국내)",모든 분위기
"Seongbeen, The Mournful... ",79700,68,11813625,148,173730,3930,"Ballad (국내), Blues (국내), Dance (국내), Folk (국내), R&B / Soul (국내), Rap / Hip-hop (국내), Rock (국내), Electronica (국내), Jazz (국내), Blues (국외), Country (국외), Electronica (국외), Folk (국외), Pop (국외), EDM (국외), R&B / Soul (국외), Rap / Hip-hop (국외), Rock (국외), Electronica (J-Pop), Pop (J-Pop), R&B / Soul (J-Pop), Rap / Hip-hop (J-Pop), Rock (J-Pop)",모든 분위기
릴숭어 lil mullet,103000,244,36827911,358,150934,1813,"R&B / Soul (국내), Rap / Hip-hop (국내)",모든 분위기
브오라 Brilliant Audio... ,93800,102,11512440,123,112867,29274,"Pop (국외), Blues (국외), Jazz (국외), R&B / Soul (국외), Folk (국외)",모든 분위기
흰토커,77700,968,77134017,993,79684,471,,모든 분위기
김쿡은 너를 보고 웃지,73900,67,18992883,257,283476,10858,"Ballad (국내), Folk (국내), Rock (국내), Blues (국내)",모든 분위기
세레나Serena,72000,91,27502820,382,302229,-,"Pop (국외), Electronica (국외), EDM (국외), R&B / Soul (국외), Rap / Hip-hop (국외)",모든 분위기
It's me. Hello.,94900,815,20357048,215,24978,1282,"Blues (국외), Country (국외), Folk (국외), Pop (국외), Blues (국내), Folk (국내), R&B / Soul (국내)",모든 분위기
뮤직쿠키 music cookie,66600,60,17374096,261,289568,-,"R&B / Soul (국내), Rap / Hip-hop (국내), Ballad (국내), Folk (국내), Rock (국내), Blues (국내)",모든 분위기
조기,83300,130,9760986,117,75085,10261,"Rap / Hip-hop (국외), R&B / Soul (국외), R&B / Soul (국내), Rap / Hip-hop (국내)",모든 분위기
audioolny-오디오온니,69100,78,11129256,161,142683,-,"Electronica (국외), Pop (국외), EDM (국외), R&B / Soul (국외), Rap / Hip-hop (국외), Jazz (국외), New Age",모든 분위기
라디안트RADIANT,73700,155,24031651,326,155043,15870,"Ballad (국내), Folk (국내), Rock (국내), Blues (국내), Pop (국외), R&B / Soul (국외), Country (국외), Blues (국외), Jazz (국외)",모든 분위기
하루플리 𝒉𝒂𝒓𝒖𝒑𝒍𝒚,66500,326,26758156,402,82080,825,"Ballad (국내), Blues (국내), Folk (국내), R&B / Soul (국내), OST (국내), New Age",모든 분위기
얘들아 사랑해,66400,111,68980263,1039,621444,66454,"Dance (국내), R&B / Soul (국내), Ballad (국내)",모든 분위기
피달소 Pidalso,76500,182,43283110,566,237819,14554,"OST (국내), OST (국외), New Age, Classic, 뮤직테라피",모든 분위기
플레이 PㄴAY,79600,97,13922537,175,143531,23823,"Dance (국내), Rock (국내), R&B / Soul (국내), Ballad (국내), Rap / Hip-hop (국내), Pop (국외), R&B / Soul (국외)",모든 분위기
그냥playlist,62700,82,12632440,201,154054,3885,"R&B / Soul (국내), Rap / Hip-hop (국내)",모든 분위기
도도리스,71000,168,10938744,154,65112,1077,"Pop (국외), Folk (국외), Country (국외)",모든 분위기
릴페퍼,62100,188,31326294,504,166629,3774,"R&B / Soul (국내), Rap / Hip-hop (국내), Rock (국내), Electronica (국내)",모든 분위기
반고흐가 되고싶어 Playlist,80700,51,21964228,272,430671,38169,"Blues (국외), Country (국외), Electronica (국외), Folk (국외), Pop (국외), EDM (국외), R&B / Soul (국외), Rap / Hip-hop (국외), Rock (국외), CCM (국외), Jazz (국외), OST (국외)",
박드덕,62200,37,12152052,195,328434,-,OST (국내),모든 분위기
샵일삼#13,59200,185,12584692,213,68025,1000,"Blues (국외), Country (국외), Electronica (국외), Folk (국외), Pop (국외), EDM (국외), R&B / Soul (국외), Rap / Hip-hop (국외), Rock (국외), CCM (국외), Jazz (국외), OST (국외)",모든 분위기
My Little Room,59500,104,6924633,116,66583,581,"Blues (국외), Country (국외), Folk (국외), Pop (국외), Rock (국외), Blues (국내), Folk (국내), R&B / Soul (국내), Rock (국내)",모든 분위기
Mean Playlist_민뮤직,60800,470,33753697,555,71816,400,"Ballad (국내), Blues (국내), Dance (국내), Folk (국내), R&B / Soul (국내), Rap / Hip-hop (국내), Rock (국내), OST (국내)",모든 분위기
우야 𝙇𝙤𝙪𝙣𝙜𝙚,59100,256,18534903,314,72402,3172,"R&B / Soul (국내), Rap / Hip-hop (국내), R&B / Soul (국외), Rap / Hip-hop (국외)",모든 분위기
몽땅 MOD,64700,375,16160647,250,43095,2052,"Ballad (국내), Blues (국내), Dance (국내), Folk (국내), R&B / Soul (국내), Rap / Hip-hop (국내), Rock (국내), Electronica (국내), Jazz (국내), Blues (국외), Country (국외), Electronica (국외), Folk (국외), Pop (국외), EDM (국외), R&B / Soul (국외), Rap / Hip-hop (국외), Rock (국외)",모든 분위기
Melody Note 멜로디노트,68600,43,23510326,343,546752,12441,"Jazz (국내), Jazz (국외), New Age, Classic, 뮤직테라피",모든 분위기
thermosento,71200,24,7785571,109,324399,107792,"New Age, Classic",
무언가 無言歌,56600,9,2502304,44,278034,-,Classic,모든 분위기
지녀 𝐆𝐧𝐲𝐞𝐨,60900,437,25165385,413,57587,1222,"Ballad (국내), Blues (국내), Dance (국내), Folk (국내), R&B / Soul (국내), Rap / Hip-hop (국내), Rock (국내), Electronica (국내), Jazz (국내), Blues (국외), Country (국외), Electronica (국외), Folk (국외), Pop (국외), EDM (국외), R&B / Soul (국외), Rap / Hip-hop (국외), Rock (국외), Electronica (J-Pop), Pop (J-Pop), R&B / Soul (J-Pop), Rap / Hip-hop (J-Pop), Rock (J-Pop)",모든 분위기
재즈 리스트 l Jazz List,86600,73,16317220,188,223524,17026,"Folk (국내), Blues (국내), Ballad (국내)",모든 분위기
절리,55800,229,63202599,1133,275994,3383,"Blues (국외), Country (국외), Electronica (국외), Folk (국외), Pop (국외), EDM (국외), R&B / Soul (국외), Rap / Hip-hop (국외), Rock (국외), CCM (국외), Jazz (국외), OST (국외)",모든 분위기
사계 ꜰᴏᴜʀ sᴇᴀsᴏɴs,69500,232,14216832,205,61279,955,"Jazz (국외), Blues (국외), Country (국외), R&B / Soul (국외), Folk (국외), Pop (국외)",모든 분위기
노래한모금모금,61300,51,22717502,371,445441,63164,"Electronica (J-Pop), Pop (J-Pop), R&B / Soul (J-Pop), Rap / Hip-hop (J-Pop), Rock (J-Pop)",
소심 ᴘʟᴀʏʟɪsᴛ,53200,132,9888660,186,74914,6820,"Blues (국내), Folk (국내), R&B / Soul (국내)",모든 분위기
무디MUDI,52300,82,10200789,195,124400,37438,"R&B / Soul (국외), Pop (국외), R&B / Soul (국내), Ballad (국내), Rap / Hip-hop (국내)",모든 분위기
뭉게뭉게,49900,78,29316245,587,375849,-,"Ballad (국내), Folk (국내), Rock (국내), Blues (국내)",모든 분위기
새로플리 ISERO PLAYLIST,49100,171,12830852,261,75034,1094,"R&B / Soul (국내), Rap / Hip-hop (국내), Rock (국내), R&B / Soul (국외), Rap / Hip-hop (국외)",모든 분위기
love is all around,52200,131,8597196,165,65627,8465,"Ballad (국내), Blues (국내), Dance (국내), Folk (국내), R&B / Soul (국내)",모든 분위기
후알유,71000,171,24145106,340,141199,2207,"Ballad (국내), Folk (국내), Rock (국내), Blues (국내), R&B / Soul (국내)",모든 분위기
트로트 미디어_인기 트로트 모음,49000,228,15767377,322,69155,125,트로트,모든 분위기
Lyrics_Midnight,47800,706,19647284,411,27829,1845,"Ballad (국내), Blues (국내), Folk (국내), R&B / Soul (국내)",모든 분위기
미위그 𝙈𝙄𝘿𝙉𝙄𝙂𝙃𝙏 𝙒𝙄𝙏𝙃... ,47800,370,6887066,144,18614,2994,"Electronica (J-Pop), Pop (J-Pop), R&B / Soul (J-Pop), Rap / Hip-hop (J-Pop), Rock (J-Pop)",모든 분위기
김로라,90100,302,80689484,896,267184,270013,"Ballad (국내), Dance (국내), Rock (국내), Electronica (국내), OST (국내)",모든 분위기
tamachimusic,44700,93,10178857,228,109450,3709,"Blues (국외), Country (국외), Folk (국외), Pop (국외), Rock (국외)",모든 분위기
ourneeds.,44200,180,3834606,87,21303,917,"Ballad (국내), Blues (국내), Dance (국내), Folk (국내), R&B / Soul (국내), Rap / Hip-hop (국내), Rock (국내), Electronica (국내), OST (국내)",모든 분위기
동그라미 circlemusic,44100,27,38271307,868,1417456,-,"Dance (국내), R&B / Soul (국내), Rap / Hip-hop (국내), Ballad (국내)",모든 분위기
"hello, sunset",61900,87,18897838,305,217217,4827,"New Age, Classic, 뮤직테라피, Ballad (국내), Blues (국내), Folk (국내), Rock (국내)",모든 분위기
뮤트 Playlist,46800,387,22415500,479,57921,242,"R&B / Soul (국내), Rap / Hip-hop (국내), Dance (국내), Ballad (국내)",모든 분위기
연록YoenGreen,46900,130,11640661,248,89544,52419,"OST (국내), OST (국외), New Age, Classic, 뮤직테라피",모든 분위기
음악의발견,51700,442,17604088,341,39828,173,"트로트, Ballad (국내), Blues (국내), Dance (국내), Folk (국내), R&B / Soul (국내), Rap / Hip-hop (국내), Rock (국내), Electronica (국내), Jazz (국내), OST (국내)",모든 분위기
oof D,48000,135,11711443,244,86751,13432,"Blues (국외), Country (국외), Folk (국외), Pop (국외), Rock (국외), Blues (국내), Dance (국내), Folk (국내), R&B / Soul (국내), Rock (국내)",모든 분위기
도플리 ᴅᴏʙʙʏ's ᴘʟᴀʏʟɪsᴛ,63200,255,52999589,839,207842,-,"Pop (국외), R&B / Soul (국외), Dance (국내), R&B / Soul (국내)",모든 분위기
미세,44800,21,5327441,119,253688,110132,"Ballad (국내), Folk (국내), Rock (국내), Blues (국내)",모든 분위기
하얀 눈,44000,76,11459199,260,150779,2660,"Blues (국외), Country (국외), Electronica (국외), Folk (국외), Pop (국외), R&B / Soul (국외), Jazz (국외)",모든 분위기
힙재 HIPJAE 🎵,47800,28,19669685,411,702489,88032,"R&B / Soul (국내), Rap / Hip-hop (국내), Dance (국내)",모든 분위기
Music is blooming,41200,110,15698277,381,142712,8705,"Electronica (국외), Folk (국외), Pop (국외), R&B / Soul (국외), Rock (국외)",모든 분위기
JesusRoad 지저스로드,41400,62,5439550,131,87735,2680,"CCM (국내), CCM (국외)",모든 분위기
Mood Rainbow,40300,58,8829873,219,152239,4046,"Jazz (국내), Jazz (국외), Electronica (국외), Rock (국내), Folk (국내)",모든 분위기
퍼플리셔스ᴘᴜʀᴘʟɪᴄɪᴏᴜs,40600,164,26381496,650,160863,967,"Electronica (J-Pop), Pop (J-Pop), R&B / Soul (J-Pop), Rap / Hip-hop (J-Pop), Rock (J-Pop), Ballad (국내), Folk (국내), Rock (국내), Blues (국내), Pop (국외), R&B / Soul (국외), Electronica (국외)",모든 분위기
네방구석카세트가되고싶어,38700,93,7253081,187,77990,3064,"Ballad (국내), Folk (국내), Rock (국내), Blues (국내), R&B / Soul (국내)",모든 분위기
이지스튜디오 EASY STUDIO,46300,108,49012501,1059,453819,15881,"Ballad (국내), Dance (국내), Rock (국내), Electronica (국내), OST (국내)",모든 분위기
에쎈띡video,41400,149,8649298,209,58049,4388,"Jazz (국외), Blues (국외), Country (국외), R&B / Soul (국외)",모든 분위기
about :,55400,100,10528609,190,105286,8561,"Blues (국외), Country (국외), Folk (국외), Pop (국외), R&B / Soul (국외), Jazz (국외), OST (국외), Electronica (국외), Rock (국외)",모든 분위기
Xin,61700,20,3075501,50,153775,355871,"R&B / Soul (국내), Rap / Hip-hop (국내), Rock (국내), Electronica (국내), Electronica (국외), Pop (국외), R&B / Soul (국외), Rap / Hip-hop (국외), Rock (국외)",
형플리 hyungplay,35700,32,11968945,335,374030,4320,"Pop (국외), R&B / Soul (국외)",모든 분위기
Record Shop,37900,58,19055602,503,328545,126758,"Electronica (J-Pop), Pop (J-Pop), R&B / Soul (J-Pop), Rap / Hip-hop (J-Pop), Rock (J-Pop)",모든 분위기
왜자꾸날Piano | NalPiano,40400,157,17971261,445,114467,1066,"New Age, Classic, 뮤직테라피",모든 분위기
luv or not,77000,109,5901203,77,54139,1561,"New Age, Jazz (국내), Jazz (국외)","평화로움, 행진, 떠있는 느낌"
비비 플레이리스트 BB Playlist,36200,5316,18601221,514,3499,238,"Ballad (국내), Blues (국내), Dance (국내), Folk (국내), R&B / Soul (국내), Rap / Hip-hop (국내), Rock (국내), Electronica (국내), Jazz (국내), OST (국내)",모든 분위기
슈바미,42100,131,32180662,764,245654,-,"Pop (국외), R&B / Soul (국외), Rap / Hip-hop (국외)",모든 분위기
song for you.,61400,101,36264466,591,359054,5764,"Blues (국외), Country (국외), Electronica (국외), Folk (국외), Pop (국외), EDM (국외), R&B / Soul (국외), Rap / Hip-hop (국외), Rock (국외), CCM (국외), Jazz (국외), OST (국외)",모든 분위기
onceuponatime,33500,5,5267222,157,1053444,1478,"Rap / Hip-hop (국내), Rap / Hip-hop (국외), Ballad (국내), Folk (국내), Rock (국내), Blues (국내), R&B / Soul (국내), Electronica (국외), Pop (국외)",모든 분위기
굴비,34700,49,5080579,146,103685,7250,"Ballad (국내), Blues (국내), Dance (국내), R&B / Soul (국내), Folk (국내), Rap / Hip-hop (국내), Rock (국내), Electronica (국내), OST (국내)",모든 분위기
Billi Records 빌리 레코즈,35800,141,4618998,129,32759,1284,"R&B / Soul (국내), R&B / Soul (국외), Rap / Hip-hop (국외)",모든 분위기
Hello Laura’s,33500,269,9349982,279,34758,1213,"Blues (국외), Country (국외), Electronica (국외), Folk (국외), Pop (국외), EDM (국외), R&B / Soul (국외), Rap / Hip-hop (국외), Rock (국외), CCM (국외), Jazz (국외), OST (국외)",모든 분위기
도도독,32700,32,537903,16,16809,-,,
이저녁,37100,6,11453486,309,1908914,123752,"Pop (국외), Jazz (국외), Blues (국외), Folk (국외), Country (국외), R&B / Soul (국외)",모든 분위기
안갬성,32800,53,6207098,189,117115,1744,"Folk (국내), R&B / Soul (국내), Electronica (국내), Electronica (국외), Folk (국외), Pop (국외), R&B / Soul (국외)",모든 분위기
Mellow Groovy Sounds,32500,13,3898721,120,299902,207324,"Blues (국외), Country (국외), Folk (국외), Pop (국외), Rock (국외), Folk (국내), Rock (국내), Blues (국내)",모든 분위기
외로움을 즐겨,33300,21,6207111,186,295577,9904,"Ballad (국내), Folk (국내), Rock (국내), Blues (국내), R&B / Soul (국내)",모든 분위기
Jeong,30700,61,4317486,141,70778,4205,"Ballad (국내), Folk (국내), Rock (국내), Pop (국외), Blues (국내)",모든 분위기
훈수두지마라탕.,29800,58,6146420,206,105973,9088,"Ballad (국내), Blues (국내), Dance (국내), R&B / Soul (국내), Folk (국내), Rap / Hip-hop (국내), Rock (국내), Electronica (국내), OST (국내)",모든 분위기
저포유 Just For You,32600,47,16180927,496,344275,95994,"R&B / Soul (국내), Rap / Hip-hop (국내), Ballad (국내), Folk (국내), Rock (국내), Blues (국내)",모든 분위기
분홍,48300,188,12639575,262,67232,4104,"Electronica (J-Pop), Pop (J-Pop), R&B / Soul (J-Pop), Rap / Hip-hop (J-Pop), Rock (J-Pop)",모든 분위기
띵곡맛집🎵,31100,481,14900379,479,30978,626,"Ballad (국내), Blues (국내), Dance (국내), R&B / Soul (국내), Folk (국내), Rap / Hip-hop (국내), Rock (국내), Electronica (국내), OST (국내)",모든 분위기
from WOONGI,31800,48,6434518,202,134052,5314,"Blues (국외), Country (국외), Electronica (국외), Folk (국외), Pop (국외), EDM (국외), R&B / Soul (국외), Rap / Hip-hop (국외), Rock (국외), CCM (국외), Jazz (국외), OST (국외)",모든 분위기
청진기,27600,331,13073520,474,39497,-,"New Age, Classic, 뮤직테라피",모든 분위기
제리,42400,296,12111949,286,40919,3249,"Ballad (국내), Blues (국내), Folk (국내), Rock (국내), Rap / Hip-hop (국내), R&B / Soul (국외), Pop (국외), R&B / Soul (국외)",모든 분위기
Chill Playlist,27100,0,404944,15,,14948,"Blues (국외), Country (국외), Electronica (국외), Folk (국외), Pop (국외), EDM (국외), R&B / Soul (국외), Rap / Hip-hop (국외), Rock (국외), CCM (국외), Jazz (국외), OST (국외)",
음악공장장,28700,47,11774947,410,250531,21543,"트로트, Ballad (국내), Blues (국내), Dance (국내), Folk (국내), R&B / Soul (국내), Rap / Hip-hop (국내), Rock (국내), Electronica (국내), Jazz (국내), OST (국내)",모든 분위기
904day,38400,249,19119239,498,76784,1688,"Ballad (국내), Folk (국내), Rock (국내), Rap / Hip-hop (국내), R&B / Soul (국내), Blues (국내)",모든 분위기
HoMu,39600,87,9408106,238,108139,3148,"Blues (국외), Country (국외), Electronica (국외), Folk (국외), Pop (국외), EDM (국외), R&B / Soul (국외), Rap / Hip-hop (국외), Rock (국외), CCM (국외), Jazz (국외), OST (국외)",모든 분위기
팝박스,37900,103,35266218,931,342390,-,"Electronica (국외), Folk (국외), Pop (국외), R&B / Soul (국외), Rock (국외)",모든 분위기
Animación BLUEY,25600,74,5921669,231,80023,1077,,
544 _,34000,198,15006570,441,75791,2486,"Country (국외), Electronica (국외), Folk (국외), Pop (국외), R&B / Soul (국외), Rock (국외)",모든 분위기
바나나뮤직,28200,608,34795265,1234,57229,11786,"Ballad (국내), Blues (국내), Dance (국내), Folk (국내), R&B / Soul (국내), Rap / Hip-hop (국내), Rock (국내), Electronica (국내), Jazz (국내), OST (국내)",모든 분위기
유니키즈,29700,36,11560536,389,321126,11752,"어린이음악, New Age, 뮤직테라피, Classic, Pop (국외), Jazz (국외)",모든 분위기
아드레날린,42500,482,139190298,3275,288777,2885,"Ballad (국내), Blues (국내), Dance (국내), Folk (국내), R&B / Soul (국내), Rap / Hip-hop (국내), Rock (국내), Electronica (국내), Jazz (국내), OST (국내)",
똥꼬발랄 𝕡𝕝𝕒𝕪𝕝𝕚𝕤𝕥,25700,79,10468056,407,132507,10081,"R&B / Soul (국내), Rap / Hip-hop (국내)",모든 분위기
유튜브앤레코드,23200,131,3958685,171,30219,810,"Ballad (국내), Blues (국내), Dance (국내), Folk (국내), R&B / Soul (국내), Rap / Hip-hop (국내), Rock (국내), Electronica (국내), Jazz (국내), OST (국내)",모든 분위기
피스(cool peace),23600,195,10838053,459,55580,-,"OST (국내), OST (국외), Electronica (J-Pop), Pop (J-Pop), R&B / Soul (J-Pop), Rap / Hip-hop (J-Pop), Rock (J-Pop)",모든 분위기
차가운 국물,36800,341,44804543,1218,131392,1132,"Ballad (국내), Dance (국내), Rock (국내), Electronica (국내), OST (국내)",모든 분위기
토닥토닥ᵗᵒᵈᵃᵏᵗᵒᵈᵃᵏ,43700,273,32725000,749,119872,15505,"Ballad (국내), Blues (국내), Dance (국내), Folk (국내), R&B / Soul (국내), Rap / Hip-hop (국내), Rock (국내), Electronica (국내), Jazz (국내), Blues (국외), Country (국외), Electronica (국외), Folk (국외), Pop (국외), EDM (국외), R&B / Soul (국외), Rap / Hip-hop (국외), Rock (국외), Electronica (J-Pop), Pop (J-Pop), R&B / Soul (J-Pop), Rap / Hip-hop (J-Pop), Rock (J-Pop)",모든 분위기
한여백 餘白,29900,37,3613507,121,97662,6031,"Ballad (국내), Blues (국내), Dance (국내), Folk (국내), R&B / Soul (국내), Rap / Hip-hop (국내), Rock (국내), Electronica (국내), Jazz (국내), Blues (국외), Country (국외), Electronica (국외), Folk (국외), Pop (국외), EDM (국외), R&B / Soul (국외), Rap / Hip-hop (국외), Rock (국외)",
뮤즈하우스MUSES' HOUSE,22100,34,4259123,193,125268,-,Classic,모든 분위기
로디,21400,235,19204998,897,81723,449,"Ballad (국내), Dance (국내), Rock (국내), Electronica (국내), OST (국내)",모든 분위기
마이오데스 My Odes,24300,32,9568270,394,299008,9944,"New Age, Classic, 뮤직테라피, Blues (국내), Folk (국내), Rock (국내)",모든 분위기
쥬크박스,21900,59,15732788,718,266657,62239,"Ballad (국내), Blues (국내), Dance (국내), Folk (국내), R&B / Soul (국내), Rap / Hip-hop (국내), Rock (국내), Electronica (국내), OST (국내)",모든 분위기
롱디see,,,,,,-,"OST (국내), OST (국외), Electronica (J-Pop), Pop (J-Pop), R&B / Soul (J-Pop), Rap / Hip-hop (J-Pop), Rock (J-Pop)",모든 분위기
오에니,37500,111,4936896,132,44477,3092,"Jazz (국내), Jazz (국외), Classic, New Age, Classic, 뮤직테라피",모든 분위기
saddd,18900,104,5245731,278,50440,1056,"R&B / Soul (국내), Rap / Hip-hop (국내), R&B / Soul (국외), Rap / Hip-hop (국외)",모든 분위기
담에ᴅᴀᴍᴇᴀ,20300,58,5550321,273,95695,5164,"Electronica (J-Pop), Pop (J-Pop), R&B / Soul (J-Pop), Rap / Hip-hop (J-Pop), Rock (J-Pop), Rap / Hip-hop (국내), Dance (국내), Rock (국내)",모든 분위기
𝗠𝗨𝗠𝗜𝗚𝗘 Ι 뮤미지,20000,69,2967280,148,43004,9795,"Blues (국외), Country (국외), Folk (국외), Pop (국외), R&B / Soul (국외), Jazz (국외), OST (국외), Electronica (국외), Rock (국외)",모든 분위기
쩌리뮤직... ,27000,215,13561498,502,63077,4335,"Ballad (국내), Blues (국내), Dance (국내), Folk (국내), R&B / Soul (국내), Rap / Hip-hop (국내), Rock (국내), Electronica (국내), Jazz (국내), OST (국내)",모든 분위기
이준,18100,37,5055216,279,136627,1083,"Ballad (국내), Folk (국내), Rock (국내), Pop (국외), Dance (국내), R&B / Soul (국내), Blues (국내)",모든 분위기
파란하늘 Blue Sky,23200,201,7343680,317,36536,336,"Blues (국외), Country (국외), Electronica (국외), Folk (국외), Pop (국외), EDM (국외), R&B / Soul (국외), Rap / Hip-hop (국외), Rock (국외), CCM (국외), Jazz (국외), OST (국외)",모든 분위기
치아바타 스튜디오,24300,292,2847725,117,9752,771,"Jazz (국내), Jazz (국외)",모든 분위기
난해 ; 難解,23200,135,3600125,155,26668,2128,"R&B / Soul (국내), R&B / Soul (국외), Pop (국외), Ballad (국내), Blues (국내), Folk (국내), Rock (국내), Jazz (국외), Blues (국내)",모든 분위기
언플 Unplayer,24800,108,5910341,238,54725,591,"Ballad (국내), Rock (국내), Pop (국외), R&B / Soul (국외), Rap / Hip-hop (국외), Rock (국외)",모든 분위기
공감공감 ᴳᴼᴺᴳᴳᴬᴹ,19800,92,12345363,624,134189,3352,"Rap / Hip-hop (국내), Ballad (국내)",모든 분위기
릴리랄라 lililala,16800,28,9598949,571,342820,53464,Dance (국내),모든 분위기
떤더TʜᴜɴᴅᴇʀGʀᴏᴏᴠᴇ,19000,30,10412201,548,347073,1971045,"Pop (국외), R&B / Soul (국외), Rap / Hip-hop (국내), R&B / Soul (국내), Rap / Hip-hop (국외)",모든 분위기
Give U,18000,38,17522245,973,461112,9839,"OST (국내), Folk (국내), Rock (국내), Ballad (국내), Blues (국내)",모든 분위기
at the moment,18100,35,2310159,128,66005,6069,"New Age, Classic, 뮤직테라피, Jazz (국내), Jazz (국외)",모든 분위기
Ourgreendays,16200,20,1871646,116,93582,5979,"Pop (국외), Country (국외), R&B / Soul (국외), Folk (국외)",모든 분위기
장밀크milk,15300,87,6625061,433,76150,-,"Pop (국외), R&B / Soul (국외), Jazz (국내), Jazz (국외), Classic, R&B / Soul (국내), New Age",모든 분위기
laulu,16100,69,2797206,174,40539,1792,"Pop (국외), R&B / Soul (국외)",모든 분위기
반딧불 playlist,18000,110,2031777,113,18471,5449,"Ballad (국내), Blues (국내), Folk (국내), Rock (국내)",모든 분위기
현지,26200,35,9046541,345,258473,36263,"OST (국내), OST (국외)",모든 분위기
코오 coO,35500,34,5357712,151,157580,7328,"New Age, Classic, 뮤직테라피",모든 분위기
1412,16400,58,7838418,478,135145,15658,"OST (국내), OST (국외)",모든 분위기
ɴᴏᴏʏ ᴘʟᴀʏʟɪꜱᴛ 누플리,17000,14,3050944,179,217925,12091,"Ballad (국내), Blues (국내), Dance (국내), Folk (국내), R&B / Soul (국내), Pop (국외), R&B / Soul (국외)",모든 분위기
Jazz Lab,32700,52,9733272,298,187178,2148,"Jazz (국내), Jazz (국외), New Age, Classic",모든 분위기
럽욜셆 LOVE YOURSELF,15700,50,4842343,308,96847,12563,"Ballad (국내), Blues (국내), Dance (국내), Folk (국내), R&B / Soul (국내), Rap / Hip-hop (국내), Rock (국내), Electronica (국내), Jazz (국내), Blues (국외), Country (국외), Electronica (국외), Folk (국외), Pop (국외), EDM (국외), R&B / Soul (국외), Rap / Hip-hop (국외), Rock (국외)",
너오늘좀예쁘다,12100,331,4534854,375,13700,2670,"Dance (국내), R&B / Soul (국내), Rap / Hip-hop (국내), Ballad (국내), Folk (국내), Rock (국내), Blues (국내)",모든 분위기
공부할때 들으려고 [ 𝕃𝕚𝕧𝕪 ],13900,37,7836030,564,211785,-,"New Age, Classic, 뮤직테라피",모든 분위기
𝐒𝐄𝐍𝐓𝐈𝐌𝐄𝐍𝐓𝐀𝐋 𝐀𝐔𝐃𝐈𝐎,14300,96,8215511,575,85578,1812,"R&B / Soul (국내), Rap / Hip-hop (국내), Rock (국내), Electronica (국내), Electronica (국외), Pop (국외), R&B / Soul (국외), Rap / Hip-hop (국외), Rock (국외)",모든 분위기
Laura’s,33200,518,11838108,357,22853,588,"Blues (국외), Country (국외), Electronica (국외), Folk (국외), Pop (국외), EDM (국외), R&B / Soul (국외), Rap / Hip-hop (국외), Rock (국외), CCM (국외), Jazz (국외), OST (국외)",모든 분위기
국가연금술사,12300,17,10386953,844,610997,96199,"OST (국내), OST (국외)",모든 분위기
지은Ji-eun,10800,229,2831855,262,12366,711,"Blues (국외), Country (국외), Electronica (국외), Folk (국외), Pop (국외), EDM (국외), R&B / Soul (국외), Rap / Hip-hop (국외), Rock (국외), Jazz (국외), OST (국외)",모든 분위기
성개 SUNGGAE,11600,201,8161243,704,40603,2679,"Ballad (국내), Blues (국내), Dance (국내), Folk (국내), R&B / Soul (국내), Rap / Hip-hop (국내), Rock (국내), Electronica (국내), Jazz (국내), Blues (국외), Country (국외), Electronica (국외), Folk (국외), Pop (국외), EDM (국외), R&B / Soul (국외), Rap / Hip-hop (국외), Rock (국외)",모든 분위기
감성적인야무치,15400,235,9200225,597,39150,391,"Ballad (국내), Blues (국내), Dance (국내), Folk (국내), R&B / Soul (국내), Rap / Hip-hop (국내), Rock (국내), Electronica (국내), Jazz (국내), Blues (국외), Country (국외), Electronica (국외), Folk (국외), Pop (국외), EDM (국외), R&B / Soul (국외), Rap / Hip-hop (국외), Rock (국외)",모든 분위기
dazzle.,10800,94,1209537,112,12867,1114,"Blues (국외), Country (국외), Electronica (국외), Folk (국외), Pop (국외), EDM (국외), R&B / Soul (국외), Rap / Hip-hop (국외), Rock (국외), CCM (국외), Jazz (국외), OST (국외), New Age, Classic",모든 분위기
melonade,11500,65,7502625,652,115425,4586,"Ballad (국내), Blues (국내), Dance (국내), Folk (국내), R&B / Soul (국내), Rap / Hip-hop (국내), Rock (국내), OST (국내)",모든 분위기
핸드릭스 뮤직,10500,231,216514,21,937,80,"Ballad (국내), Blues (국내), Dance (국내), Folk (국내), R&B / Soul (국내), Rap / Hip-hop (국내), Rock (국내), Electronica (국내), Jazz (국내), Blues (국외), Country (국외), Electronica (국외), Folk (국외), Pop (국외), EDM (국외), R&B / Soul (국외), Rap / Hip-hop (국외), Rock (국외)",모든 분위기
스윗룩:,9800,124,2289670,234,18465,241,"Blues (국외), Country (국외), Electronica (국외), Folk (국외), Pop (국외), EDM (국외), R&B / Soul (국외), Rap / Hip-hop (국외), Rock (국외), CCM (국외), Jazz (국외), OST (국외)",
estrella,9920,11,1881966,190,171088,14385,"Pop (국외), Country (국외), Folk (국외), R&B / Soul (국외)",모든 분위기
수율,10900,92,13102120,1202,142414,-,"Dance (국내), R&B / Soul (국내), Rap / Hip-hop (국내)","행복, 로맨틱, 희망, 운동"
블루블 Bluebl,9700,23,5078612,524,220809,2265,"Ballad (국내), Dance (국내), Folk (국내), R&B / Soul (국내), Rap / Hip-hop (국내), Rock (국내), Blues (국내)",모든 분위기
부기,9500,30,7335395,772,244513,10199,"Ballad (국내), Blues (국내), Dance (국내), Folk (국내), R&B / Soul (국내), Rap / Hip-hop (국내), Rock (국내), Electronica (국내), Jazz (국내), OST (국내), Blues (국외), Country (국외), Electronica (국외), Folk (국외), Pop (국외), EDM (국외), R&B / Soul (국외), Rap / Hip-hop (국외), Rock (국외), Jazz (국외), OST (국외)",모든 분위기
휴식공간 : Ambience View,12500,94,6416955,513,68265,2061,"Ballad (국내), Dance (국내), Rock (국내), Electronica (국내), OST (국내)",모든 분위기
유월 夏,11400,20,9259380,812,462969,42639,"Electronica (J-Pop), Pop (J-Pop), R&B / Soul (J-Pop), Rap / Hip-hop (J-Pop), Rock (J-Pop)",
예원덕,13400,29,2682961,200,92516,4246,"Pop (국외), Rap / Hip-hop (국내), New Age",모든 분위기
플레이리스트캔디,9620,39,6375257,663,163468,260163,"OST (국내), OST (국외), R&B / Soul (국내)",모든 분위기
페이머스 𝐏𝐥𝐚𝐲𝐥𝐢𝐬𝐭,10000,65,3464897,346,53306,2465,"Electronica (J-Pop), Pop (J-Pop), R&B / Soul (J-Pop), Rap / Hip-hop (J-Pop), Rock (J-Pop), OST (국외), OST (국내)",모든 분위기
감성소녀,12600,87,2912305,231,33475,1507,"Pop (국외), Folk (국외), R&B / Soul (국외)",모든 분위기
콩플리,8650,78,2505701,290,32124,576,"R&B / Soul (국내), R&B / Soul (국내), Folk (국내), Blues (국내)",모든 분위기
Seeds Of Theme,10700,29,877998,82,30276,1673,"New Age, Classic, 뮤직테라피",모든 분위기
귓구녕이감동,12600,361,7032983,558,19482,1581,"Ballad (국내), Blues (국내), Dance (국내), Folk (국내), R&B / Soul (국내), Rap / Hip-hop (국내), Rock (국내), Electronica (국내), Jazz (국내), OST (국내)",
아나바다 살롱,8550,28,9110,1,325,-,"Blues (국내), Dance (국내), R&B / Soul (국내)",모든 분위기
럽유셀ʟᴏᴠᴇ ʏᴏᴜʀ sᴇʟғ,8320,16,2444079,294,152755,8826,"Rap / Hip-hop (국내), R&B / Soul (국내), Folk (국내), Ballad (국내), Rock (국내), Blues (국내)",모든 분위기
종팝,16000,399,5255292,328,13171,462,"Blues (국외), Country (국외), Electronica (국외), Folk (국외), Pop (국외), EDM (국외), R&B / Soul (국외), Rap / Hip-hop (국외), Rock (국외), CCM (국외), Jazz (국외), OST (국외)",모든 분위기
뮤직하이브 musichive,8420,98,2776846,330,28335,-,"Rap / Hip-hop (국내), Rock (국내), Ballad (국내), R&B / Soul (국내)",모든 분위기
always with you ☽,8480,205,4425238,522,21587,-,"Rap / Hip-hop (국내), Ballad (국내), Rock (국내), Folk (국내), Blues (국내)",모든 분위기
Nanamilk 나나밀크,15300,50,3481623,228,69632,45085,,모든 분위기
디어유스 Dear. Youth,15000,59,2377987,159,40305,1227,"Ballad (국내), Blues (국내), Dance (국내), Folk (국내), R&B / Soul (국내), Rap / Hip-hop (국내), Rock (국내), Electronica (국내), Jazz (국내), OST (국내), Blues (국외), Country (국외), Electronica (국외), Folk (국외), Pop (국외), EDM (국외), R&B / Soul (국외), Rap / Hip-hop (국외), Rock (국외), Jazz (국외), OST (국외)",모든 분위기
쥬리졍 JYULIII,9570,36,3313747,346,92049,3165,"R&B / Soul (국내), Rap / Hip-hop (국내), Rock (국내), Electronica (국내), Electronica (국외), Pop (국외), R&B / Soul (국외), Rap / Hip-hop (국외), Rock (국외)",모든 분위기
칠리페퍼 Chilly-Pepper,8350,30,2551156,306,85039,47133,"Electronica (J-Pop), Pop (J-Pop), R&B / Soul (J-Pop), Rap / Hip-hop (J-Pop), Rock (J-Pop), Folk (국내), Pop (국외), Blues (국내)",모든 분위기
아이셔 Aisyeo,8260,147,6356738,770,43243,1277,"종교음악, CCM (국내)",모든 분위기
Musiq Cooker,25100,325,10175206,405,31308,539,"R&B / Soul (국내), Rap / Hip-hop (국내), Rock (국내), Electronica (국내), Electronica (국외), Pop (국외), R&B / Soul (국외), Rap / Hip-hop (국외), Rock (국외)",모든 분위기
PLAY.ZIP플레이집,8080,29,3037014,376,104725,-,Dance (국내),모든 분위기
여돌플리,8570,16,6513856,760,407116,404387,"Folk (국내), R&B / Soul (국내)",모든 분위기
달콤한커피,8360,84,2964,0,35,1856,"Ballad (국내), Blues (국내), Dance (국내), Folk (국내), R&B / Soul (국내), Rap / Hip-hop (국내), Rock (국내), Electronica (국내), Jazz (국내), OST (국내), Blues (국외), Country (국외), Electronica (국외), Folk (국외), Pop (국외), EDM (국외), R&B / Soul (국외), Rap / Hip-hop (국외), Rock (국외), Jazz (국외), OST (국외)",모든 분위기
준개의 렛뮤 let’s music,7850,11,3446464,439,313315,-,"Ballad (국내), Folk (국내), R&B / Soul (국내), Rock (국내), Blues (국내)",모든 분위기
프리닉 _ 뮤직플레이리스트,7940,108,2501360,315,23161,170,"Electronica (국내), Jazz (국내), Electronica (국외), Jazz (국외), New Age, 뮤직테라피, Blues (국내)",모든 분위기
플리슨PListen,7870,92,2319869,295,25216,849,"Ballad (국내), Blues (국내), Dance (국내), Folk (국내), R&B / Soul (국내), Rap / Hip-hop (국내), Rock (국내), Electronica (국내), Jazz (국내), OST (국내), Blues (국외), Country (국외), Electronica (국외), Folk (국외), Pop (국외), R&B / Soul (국외), Rap / Hip-hop (국외), Rock (국외), Jazz (국외), OST (국외), Electronica (J-Pop), Pop (J-Pop), R&B / Soul (J-Pop), Rap / Hip-hop (J-Pop), Rock (J-Pop)",모든 분위기
연어와 올빼미,9000,131,1669068,185,12741,315,"Blues (국외), Country (국외), Electronica (국외), Folk (국외), Pop (국외), EDM (국외), R&B / Soul (국외), Rap / Hip-hop (국외), Rock (국외), Jazz (국외), OST (국외)",모든 분위기
라디오국 김피디[RADIO... ,8180,102,5456552,667,53496,612,"R&B / Soul (국내), Ballad (국내), Folk (국내)",모든 분위기
"Dear Lord, 디어 로드",7990,52,2117511,265,40721,1260,"R&B / Soul (국내), Rap / Hip-hop (국내)",모든 분위기
모카페 playlist,7290,30,2947118,404,98237,3566,"Dance (국내), R&B / Soul (국내), Folk (국내)",모든 분위기
시우연 [𝐏𝐥𝐚𝐲𝐥𝐢𝐬𝐭],7690,106,1853696,241,17488,496,Dance (국내),모든 분위기
갬성충아이쓰,7540,109,5414218,718,49672,26384,"Pop (J-Pop), R&B / Soul (J-Pop)",모든 분위기
라던 LADAWN,7430,51,6316958,850,123862,225018,Folk (국내),모든 분위기
𝐅𝐫𝐞𝐞𝐝𝐨𝐦,20000,258,13380489,669,51862,374,"Blues (국외), Country (국외), Electronica (국외), Folk (국외), Pop (국외), EDM (국외), R&B / Soul (국외), Rap / Hip-hop (국외), Rock (국외), CCM (국외), Jazz (국외), OST (국외)",모든 분위기
영이playlist,6820,31,3937371,577,127012,4796,Dance (국내),모든 분위기
Copro Music 코프로 뮤직,8570,10,1891722,221,189172,-,"Blues (국외), Country (국외), Electronica (국외), Folk (국외), Pop (국외), EDM (국외), R&B / Soul (국외), Jazz (국외), OST (국외), Ballad (국내), Dance (국내), Rock (국내), Electronica (국내), OST (국내)",모든 분위기
루프 LOOP,6880,7,6690486,972,955784,1480,"R&B / Soul (국내), Ballad (국내), Folk (국내)",모든 분위기
1006_oi,7200,82,2955842,411,36047,899,OST (국외),모든 분위기
손다로우쉬SONDAROWSHI,6780,69,1944191,287,28177,840,"R&B / Soul (국내), Ballad (국내), Folk (국내)",모든 분위기
로지밍rozyming,7900,67,2758580,349,41173,2686,New Age,모든 분위기
채소용 𝗣𝗹𝗮𝘆𝗹𝗶𝘀𝘁,6540,2,1966406,301,983203,12751,New Age,모든 분위기
𝖮𝖥 𝖲𝖳𝖴𝖣𝗂𝖮,6740,40,1568785,233,39220,658,"Pop (J-Pop), R&B / Soul (J-Pop), Rock (J-Pop)",모든 분위기
이음 𝐄-𝐮𝐦 𝐏𝐋𝐀𝐘𝐋𝐈𝐒𝐓,6940,115,4512388,650,39238,1008,"Ballad (국내), Dance (국내), Rock (국내), Electronica (국내), OST (국내)",모든 분위기
푸린,6390,148,3204479,501,21652,309446,Dance (국내),행복
팝송사냥꾼,7010,207,1984117,283,9585,1420,"Blues (국외), Country (국외), Electronica (국외), Folk (국외), Pop (국외), EDM (국외), R&B / Soul (국외), Rap / Hip-hop (국외), Rock (국외), CCM (국외), Jazz (국외), OST (국외)",모든 분위기
한놈만 팬다 𝒑𝒍𝒂𝒚𝒍𝒊𝒔𝒕,6540,40,4583218,701,114580,106918,"Pop (국외), R&B / Soul (국외), Ballad (국내), Folk (국내)",모든 분위기
dearmyblue,,,,,,9012,,모든 분위기
Today is Muumi,5880,116,2115441,360,18237,294,"R&B / Soul (국내), Rap / Hip-hop (국내), Rock (국내), Electronica (국내)",모든 분위기
LEEDAM,6420,7,2055488,320,293641,-,"New Age, Classic",모든 분위기
For you,6120,8,1023532,167,127942,26981,"Dance (국내), R&B / Soul (국내)",모든 분위기
Day Off:,6300,127,2584030,410,20347,777,"R&B / Soul (국내), Rap / Hip-hop (국내)",모든 분위기
K-고3으로살아남기,6620,67,5403002,816,80642,49122,"Ballad (국내), Blues (국내), Dance (국내), Folk (국내), R&B / Soul (국내), Rap / Hip-hop (국내), Rock (국내), Electronica (국내), Jazz (국내), Blues (국외), Country (국외), Electronica (국외), Folk (국외), Pop (국외), EDM (국외), R&B / Soul (국외), Rap / Hip-hop (국외), Rock (국외), Electronica (J-Pop), Pop (J-Pop), R&B / Soul (J-Pop), Rap / Hip-hop (J-Pop), Rock (J-Pop)",
kairi,6150,18,1335293,217,74183,11541,"Pop (J-Pop), OST (국외)",모든 분위기
데일리송플 daily.songplaylist,5970,39,2768083,464,70976,574,"Ballad (국내), Blues (국내), Dance (국내), Folk (국내), R&B / Soul (국내), Rap / Hip-hop (국내), Rock (국내), Electronica (국내), Jazz (국내), Blues (국외), Country (국외), Electronica (국외), Folk (국외), Pop (국외), EDM (국외), R&B / Soul (국외), Rap / Hip-hop (국외), Rock (국외)",모든 분위기
하입플리 𝑯𝒚𝒑𝒆 𝑷𝒍𝒚,5870,43,1322894,225,30765,1238,"R&B / Soul (국내), Rap / Hip-hop (국내), Rock (국내), Electronica (국내), Electronica (국외), Pop (국외), R&B / Soul (국외), Rap / Hip-hop (국외), Rock (국외)",모든 분위기
잡덕 ᴊ𝚘𝚋ᴅ𝚞𝚌𝚔,5950,13,3368504,566,259116,-,"R&B / Soul (국내), Ballad (국내), Folk (국내)",모든 분위기
태호서울,7070,9,48640,7,5404,2423,"Pop (J-Pop), R&B / Soul (J-Pop)",모든 분위기
뮤집 Mᴜᴢɪᴘ,5670,31,3669265,647,118363,-,"R&B / Soul (국내), Ballad (국내), Folk (국내)",모든 분위기
톤톤플리,6030,85,2270654,377,26714,861,"Folk (국내), R&B / Soul (국내)",모든 분위기
팝송보면 짖는 개 [팝짖개],,,,,,1258,"Folk (국내), Ballad (국내), R&B / Soul (국내)",모든 분위기
𝐅𝐥𝐨𝐰 𝐨𝐟 𝐥𝐞𝐭𝐭𝐞𝐫,6740,46,2767196,411,60156,24456,"Ballad (국내), Blues (국내), Dance (국내), Folk (국내), R&B / Soul (국내), Rap / Hip-hop (국내), Rock (국내), Electronica (국내), Jazz (국내), OST (국내), Blues (국외), Country (국외), Electronica (국외), Folk (국외), Pop (국외), EDM (국외), R&B / Soul (국외), Rap / Hip-hop (국외), Rock (국외), Jazz (국외), OST (국외)",
하람,5530,61,2070107,374,33936,1218,"Ballad (국내), Blues (국내), Dance (국내), Folk (국내), R&B / Soul (국내), Rap / Hip-hop (국내), Rock (국내), Electronica (국내), Jazz (국내), OST (국내)",모든 분위기
희SUNNY,4870,25,2723457,559,108938,4542,"Ballad (국내), R&B / Soul (국내)",모든 분위기
nawhij / 나우히즈 / ナウヒズ,5590,31,732782,131,23638,-,,모든 분위기
탱크플리 TANK PLAYLIST,6480,48,7860165,1213,163753,33741,"Ballad (국내), Dance (국내), Rock (국내), Electronica (국내), OST (국내)",모든 분위기
달의 새벽,5010,92,2374369,474,25808,1056,"Ballad (국내), Blues (국내), Folk (국내), R&B / Soul (국내), Electronica (J-Pop), Pop (J-Pop), R&B / Soul (J-Pop), Rap / Hip-hop (J-Pop), Rock (J-Pop), New Age",모든 분위기
gamma_,5470,63,3046123,557,48351,864,,모든 분위기
𝙊𝙣 𝙈𝙮 𝙒𝙖𝙮 𝙋𝙇𝘼𝙔𝙇𝙄𝙎𝙏,5270,32,2937449,557,91795,4279,"Ballad (국내), Blues (국내), Dance (국내), Folk (국내), R&B / Soul (국내), Rap / Hip-hop (국내), Rock (국내), Electronica (국내), Jazz (국내), OST (국내)",모든 분위기
이런 노래는 어때?,5460,84,1288732,236,15342,5905,"Ballad (국내), Blues (국내), Folk (국내), R&B / Soul (국내), OST (국내)",모든 분위기
짐쨩 Jimzzang,4870,59,1079273,222,18293,-,"Ballad (국내), R&B / Soul (국내)",모든 분위기
yxxclouds 유클,4640,58,2927420,631,50473,3232,"Ballad (국내), Blues (국내), Dance (국내), Folk (국내), R&B / Soul (국내), Rap / Hip-hop (국내), Rock (국내), Electronica (국내), OST (국내)",모든 분위기
pleeB 플리비,5680,16,3724148,656,232759,78219,New Age,모든 분위기
제이 J,5300,12,6782247,1280,565187,-,Ballad (국내),모든 분위기
킹플리,4200,13,2321861,553,178605,19214,"Ballad (국내), Blues (국내), Dance (국내), R&B / Soul (국내), Folk (국내), Rap / Hip-hop (국내), Rock (국내), Electronica (국내), OST (국내)",모든 분위기
ㅇㅇ,4380,3,3228363,737,1076121,-,"R&B / Soul (국내), R&B / Soul (국외), Pop (국외)",모든 분위기
KYMEEN 키민_Playlist,4770,24,848463,178,35353,67365,"New Age, Classic, Jazz (국외)",
리슨캘플리,4190,159,2656283,634,16706,1691,"Ballad (국내), Blues (국내), Dance (국내), Folk (국내), R&B / Soul (국내), Rap / Hip-hop (국내), Rock (국내), Electronica (국내), Jazz (국내), OST (국내), Blues (국외), Country (국외), Electronica (국외), Folk (국외), Pop (국외), EDM (국외), R&B / Soul (국외), Rap / Hip-hop (국외), Rock (국외), Electronica (J-Pop), Pop (J-Pop), R&B / Soul (J-Pop), Rap / Hip-hop (J-Pop), Rock (J-Pop)",모든 분위기
하우해브유빈,11500,99,1123352,98,11347,184,"R&B / Soul (국내), Rap / Hip-hop (국내), Rock (국내), Electronica (국내), Electronica (국외), Pop (국외), R&B / Soul (국외), Rap / Hip-hop (국외), Rock (국외)",모든 분위기
Song For Me 쏭뽀미,4090,245,2423249,592,9891,159,"Blues (국외), Country (국외), Electronica (국외), Folk (국외), Pop (국외), EDM (국외), R&B / Soul (국외), Rap / Hip-hop (국외), Rock (국외), CCM (국외), Jazz (국외), OST (국외)",
단비,3800,156,1025257,270,6572,1284,"Folk (국내), R&B / Soul (국내)",모든 분위기
극락,4440,19,2615526,589,137659,-,"R&B / Soul (국외), Rap / Hip-hop (국외)",모든 분위기
와키 wakee,3580,60,3231041,903,53851,6870,"R&B / Soul (J-Pop), Pop (J-Pop)",모든 분위기
문플링 ᴍᴏᴏɴ ᴘʟᴀʏʟɪꜱᴛ,3780,56,2282713,604,40763,3270,"Ballad (국내), Blues (국내), Dance (국내), Folk (국내), R&B / Soul (국내), Rap / Hip-hop (국내), Rock (국내), Electronica (국내), Jazz (국내), Blues (국외), Country (국외), Electronica (국외), Folk (국외), Pop (국외), EDM (국외), R&B / Soul (국외), Rap / Hip-hop (국외), Rock (국외)",
볼륨슬로리 Volume Slowly,4200,48,1554017,370,32375,1109,"Dance (국내), R&B / Soul (국내)",모든 분위기
빵뮤,3400,6,3655569,1075,609262,-,"R&B / Soul (국내), Rap / Hip-hop (국내)",모든 분위기
𝐝𝐨𝐧𝐠 𝐥𝐢𝐬𝐭 🎧,3430,17,832588,243,48976,10493,"New Age, 뮤직테라피",모든 분위기
라쓰레기,4710,77,3520449,747,45720,1925,"Electronica (J-Pop), Pop (J-Pop), R&B / Soul (J-Pop), Rap / Hip-hop (J-Pop), Rock (J-Pop)",
imymemine,4760,56,2383752,501,42567,1923,"R&B / Soul (국외), Folk (국외), R&B / Soul (국내), Rap / Hip-hop (국내)",모든 분위기
dy music,3100,30,14519,5,484,441,"Classic, Jazz (국외), R&B / Soul (국외)",모든 분위기
손익분기점.,4310,139,764971,177,5503,294,"New Age, Classic, OST (국내)",모든 분위기
다소리,3400,119,1035889,305,8705,263,"R&B / Soul (국외), Pop (국외), Folk (국외)",모든 분위기
마이키 Mikey,7170,8,1321483,184,165185,179591,"Electronica (J-Pop), Pop (J-Pop), R&B / Soul (J-Pop), Rap / Hip-hop (J-Pop), Rock (J-Pop)",
윤슬 𝒀𝒐𝒐𝒏𝒔𝒆𝒖𝒍,3300,26,921268,279,35433,312,"R&B / Soul (국내), Rap / Hip-hop (국내), Folk (국내)",모든 분위기
김고란,3370,82,1700168,505,20734,2873,"Ballad (국내), Dance (국내), Rock (국내), Electronica (국내), OST (국내)",모든 분위기
갈배,3090,106,1797579,582,16958,589,"R&B / Soul (국내), Rap / Hip-hop (국내), Folk (국내)",모든 분위기
편하게 듣다,3340,77,502689,151,6528,318,OST (국내),모든 분위기
떼구르르 𝗣𝗹𝗮𝘆𝗹𝗶𝘀𝘁,3100,29,2876840,928,99201,6230,"Folk (국외), R&B / Soul (국내), OST (국내), OST (국외)",모든 분위기
ortlist,2880,36,175159,61,4866,270,"R&B / Soul (국외), Pop (국외), Folk (국외)",모든 분위기
유얼쓰,3420,517,696966,204,1348,40,Folk (국내),모든 분위기
향유소 HYANGYUSO,3810,56,591051,155,10554,5415,"Blues (국내), Folk (국내), R&B / Soul (국내)",모든 분위기
진씨,2860,72,707543,247,9827,219,"Folk (국내), R&B / Soul (국내)",모든 분위기
히어헤븐 Here Heaven,2790,23,52675,19,2290,836,"Ballad (국내), Dance (국내), Folk (국내)",모든 분위기
시너리즈 𝐬𝐜𝐞𝐧𝐞𝐫𝐢𝐞𝐬,2740,55,1557138,568,28312,870,"Ballad (국내), Blues (국내), Dance (국내), Folk (국내), R&B / Soul (국내), Rap / Hip-hop (국내), Rock (국내), Electronica (국내), Jazz (국내), OST (국내), Blues (국외), Country (국외), Electronica (국외), Folk (국외), Pop (국외), EDM (국외), R&B / Soul (국외), Rap / Hip-hop (국외), Rock (국외), Jazz (국외), OST (국외)",모든 분위기
자편빡-플레이리스트,2760,20,2870655,1040,143533,4515,"Folk (국내), R&B / Soul (국내)",모든 분위기
Song토마,2600,30,923994,355,30800,1472,"Folk (국내), R&B / Soul (국내)",모든 분위기
섭씨,2840,28,1544859,544,55174,536,Dance (국내),모든 분위기
한파랑,4190,32,1230931,294,38467,8789,,모든 분위기
안젤라,2900,62,868052,299,14001,2042,"R&B / Soul (국내), Rap / Hip-hop (국내)",모든 분위기
찍먹충,2770,117,4045106,1460,34574,428,OST (국외),모든 분위기
DG PLAYLIST,2430,32,2559598,1053,79987,4063,"R&B / Soul (국내), Rap / Hip-hop (국내), Folk (국내)",모든 분위기
"Select,",2730,58,548141,201,9451,228,"R&B / Soul (국내), R&B / Soul (국외), OST (국내)",모든 분위기
깔롱,2800,75,2928700,1046,39049,6360,"Ballad (국내), Blues (국내), Dance (국내), Folk (국내), R&B / Soul (국내), Rap / Hip-hop (국내), Rock (국내), Electronica (국내), Jazz (국내), OST (국내)",
무이예트,2520,18,113210,45,6289,1498,"Blues (국외), Country (국외), Electronica (국외), Folk (국외), Pop (국외), EDM (국외), R&B / Soul (국외), Rap / Hip-hop (국외), Rock (국외), CCM (국외), Jazz (국외), OST (국외), New Age, Classic",모든 분위기
ᴀɴᴅᴏꜱ ᴛʀᴀᴄᴋ,2520,40,1561890,620,39047,925,"R&B / Soul (국내), Rap / Hip-hop (국내)",모든 분위기
스뮤 sᴛᴀʏ ᴡɪᴛʜ ᴍᴜsɪᴄ,2450,48,34699,14,723,94,"New Age, Classic",모든 분위기
딤스크,2570,20,280688,109,14034,867,"Rap / Hip-hop (국외), Electronica (국외), EDM (국외), R&B / Soul (국외)",모든 분위기
헤픈투 happen to,2540,70,1458512,574,20836,1060,"Ballad (국내), Blues (국내), Dance (국내), Folk (국내), R&B / Soul (국내), Rap / Hip-hop (국내), Rock (국내), Electronica (국내), Jazz (국내), OST (국내), Blues (국외), Country (국외), Electronica (국외), Folk (국외), Pop (국외), EDM (국외), R&B / Soul (국외), Rap / Hip-hop (국외), Rock (국외)",모든 분위기
𝙃𝙔𝙐𝙉𝙉𝙀,2910,52,1592708,547,30629,519,"Dance (국내), Pop (국외), R&B / Soul (국외), Electronica (국외)",모든 분위기
음악에사진한스푼(Music... ,2280,24,312080,137,13003,415,"Blues (국외), Country (국외), Folk (국외), Pop (국외), R&B / Soul (국외), Jazz (국외), OST (국외)",모든 분위기
유메 Yume presents,2190,83,575782,263,6937,198,"Ballad (국내), Blues (국내), Dance (국내), R&B / Soul (국내), Folk (국내), Rap / Hip-hop (국내), Rock (국내), Electronica (국내), OST (국내)",모든 분위기
베리플리 𝗩𝗮𝗿𝗶𝗼𝘂𝘀 𝗣𝗹𝗮𝘆𝗹𝗶𝘀𝘁𝘀,3620,259,3069151,848,11850,5043,"Rap / Hip-hop (국내), Rock (국내)","어둠, 섹시"
강린다_𝐋𝐈𝐍𝐃𝐀 𝐊𝐀𝐍𝐆,9850,47,982844,100,20912,23458,"New Age, Classic","편안함, 행복, 평화로움, 희망"
쏘 easily,2510,21,1099978,438,52380,25478,"Ballad (국내), Blues (국내), Dance (국내), Folk (국내), R&B / Soul (국내), Rap / Hip-hop (국내), Rock (국내), Electronica (국내), CCM (국내), Jazz (국내), OST (국내), Blues (국외), Country (국외), Electronica (국외), Folk (국외), Pop (국외), EDM (국외), R&B / Soul (국외), Rap / Hip-hop (국외), Rock (국외), CCM (국외), Electronica (J-Pop), Pop (J-Pop), R&B / Soul (J-Pop), Rap / Hip-hop (J-Pop), Rock (J-Pop), 월드뮤직",모든 분위기
Sweet Girl Playlist,2050,68,955477,466,14051,1453,"Folk (국내), Ballad (국내)",모든 분위기
단단한 일상,2100,21,515012,245,24524,4845,"Electronica (J-Pop), Pop (J-Pop), R&B / Soul (J-Pop), Rap / Hip-hop (J-Pop), Rock (J-Pop)",모든 분위기
뮤토,2390,92,1385923,580,15064,231,"Ballad (국내), Blues (국내), Dance (국내), Folk (국내), R&B / Soul (국내), Rap / Hip-hop (국내), Rock (국내), Electronica (국내), Jazz (국내), OST (국내), Blues (국외), Country (국외), Electronica (국외), Folk (국외), Pop (국외), EDM (국외), R&B / Soul (국외), Rap / Hip-hop (국외), Rock (국외), Jazz (국외), OST (국외)",모든 분위기
예그리나 yegrina,2700,306,1111395,412,3632,101,"Dance (국내), R&B / Soul (국내), Rap / Hip-hop (국내), Jazz (국외), Jazz (국내)",모든 분위기
hopeless romantic,1980,25,194442,98,7778,975,"Dance (국내), R&B / Soul (국내)",모든 분위기
Nann_i,2910,35,1329151,457,37976,2931,"Ballad (국내), Blues (국내), Dance (국내), Folk (국내), R&B / Soul (국내), Rap / Hip-hop (국내), Rock (국내), Electronica (국내), Jazz (국내), OST (국내)",
Unreal Archive,1970,20,411230,209,20562,112284,"Ballad (국내), Folk (국내), R&B / Soul (국내)",모든 분위기
잔잔 𝑝𝑙𝑎𝑦𝑙𝑖𝑠𝑡,2010,45,578805,288,12862,1236,"Ballad (국내), Blues (국내), Folk (국내), R&B / Soul (국내), OST (국내)",모든 분위기
뮤리,1880,13,1748263,930,134482,10719,"Pop (국외), Rock (국외), Folk (국외), R&B / Soul (국외)",모든 분위기
junhee's.,1960,29,674944,344,23274,1121,"Ballad (국내), OST (국내)",모든 분위기
엘랄랄라 ellalala,2080,24,359328,173,14972,5272,"R&B / Soul (국외), Rap / Hip-hop (국외), Pop (국외), Jazz (국외), Blues (국내)",모든 분위기
오리너구리,1780,18,352213,198,19567,2286,"Folk (국내), Jazz (국외), Folk (국외), R&B / Soul (국외), Jazz (국외), Pop (국외)",모든 분위기
carrier,2770,188,1375788,497,7318,246,"Ballad (국내), Blues (국내), Dance (국내), R&B / Soul (국내), Folk (국내), Rap / Hip-hop (국내), Rock (국내)",
핌뮤 PIMMU,1850,44,716131,387,16276,-,"Pop (국외), R&B / Soul (국내), Ballad (국내), Rap / Hip-hop (국내)",모든 분위기
소레,1780,18,1196985,672,66499,3671,"R&B / Soul (국외), R&B / Soul (국내), Electronica (J-Pop), Jazz (국외)",모든 분위기
이지구 𝐢𝐬𝐢𝐭𝐠𝐨𝐨𝐝,1890,12,724725,383,60394,10449,"Ballad (국내), Blues (국내), Dance (국내), R&B / Soul (국내), Folk (국내), Rap / Hip-hop (국내), Rock (국내), Electronica (국내), OST (국내)",모든 분위기
"b myself, coolkids",1790,110,557814,312,5071,63,"Folk (국내), Ballad (국내)",모든 분위기
밀물의 로망스,1820,24,450739,248,18781,1423,"Blues (국내), Folk (국내), R&B / Soul (국내), Rap / Hip-hop (국내)",모든 분위기
녕,1600,15,1487531,930,99169,11320,"Ballad (국내), Dance (국내), Rock (국내), Electronica (국내), OST (국내)",모든 분위기
오드 Ode room,16300,29,752145,46,25936,702,"R&B / Soul (국내), R&B / Soul (국외), Rap / Hip-hop (국내), Folk (국내)",
멜로디스트 플리 MELODIST... ,2250,219,1126778,501,5145,144,"Ballad (국내), Blues (국내), Dance (국내), R&B / Soul (국내), Folk (국내), Rap / Hip-hop (국내), Rock (국내), Electronica (국내), OST (국내)",
moment 모먼트,1620,14,1091693,674,77978,9501,"Blues (국외), Country (국외), Electronica (국외), Folk (국외), Pop (국외), EDM (국외), R&B / Soul (국외), Rap / Hip-hop (국외), Rock (국외), CCM (국외), Jazz (국외), OST (국외)",모든 분위기
손망고 Son Mango,1540,72,303009,197,4208,3690,"Folk (국내), R&B / Soul (국내)",모든 분위기
마니머것다,1510,23,1231412,816,53540,-,,모든 분위기
십유월,1530,1,431946,282,431946,-,"Pop (국외), OST (국외)",모든 분위기
박상진,2080,20,464670,223,23234,1181,"Folk (국내), R&B / Soul (국내), Blues (국내)",모든 분위기
cityofrefuge,1430,26,387351,271,14898,1330,"Blues (국내), Folk (국내), R&B / Soul (국내)",모든 분위기
음깡 𝑬𝑼𝑴 𝑲𝑲𝑨𝑵𝑮,1870,16,960306,514,60019,4195,"Ballad (국내), Blues (국내), Dance (국내), Folk (국내), R&B / Soul (국내), Rap / Hip-hop (국내), Rock (국내), Electronica (국내), Jazz (국내), OST (국내)",모든 분위기
디우르르 diureureu,1660,24,674822,407,28118,2518,"R&B / Soul (국내), Rap / Hip-hop (국내), Rock (국내), Electronica (국내), Electronica (국외), Pop (국외), R&B / Soul (국외), Rap / Hip-hop (국외), Rock (국외)",모든 분위기
일영일일,1340,9,215429,161,23937,957,Dance (국내),모든 분위기
Music Monster,1570,46,1348588,859,29317,473,"Jazz (국외), Folk (국외), Blues (국외), New Age",모든 분위기
시월 like Music,1310,38,460515,352,12119,343,"Rap / Hip-hop (국내), R&B / Soul (국내)",모든 분위기
"벌스, VERSE PLAYLIST",1380,36,247152,179,6865,230000,"Jazz (국외), R&B / Soul (국외)",평화로움
세련 ꜱᴇʟʏᴇᴏɴ,1290,34,1301945,1009,38293,1752,"Folk (국내), New Age, Classic, Electronica (국내), Folk (국내), Ballad (국내)",모든 분위기
𝒎𝒚𝒎𝒖𝒖🌙,1220,0,0,0,,-,"Folk (국내), Blues (국내), Ballad (국내), Rap / Hip-hop (국내)",모든 분위기
mindful,1270,16,55400,44,3463,-,"New Age, Classic, 뮤직테라피",모든 분위기
"밤도시맑음 Night, City... ",1340,36,857706,640,23825,1656,"Ballad (국내), Dance (국내), Rock (국내), Electronica (국내), OST (국내)",
enb,1240,18,97952,79,5442,545,,모든 분위기
어플리 𝐚𝐩𝐩𝐥𝐚𝐲𝐥𝐢𝐬𝐭,1250,15,310021,248,20668,2734,"Ballad (국내), Blues (국내), Dance (국내), Folk (국내), R&B / Soul (국내), Rap / Hip-hop (국내), Rock (국내), Electronica (국내), Jazz (국내), OST (국내), Blues (국외), Country (국외), Electronica (국외), Folk (국외), Pop (국외), EDM (국외), R&B / Soul (국외), Rap / Hip-hop (국외), Rock (국외), Jazz (국외), OST (국외)",모든 분위기
meltingu,1530,104,175124,114,1684,186,"Ballad (국내), Blues (국내), Dance (국내), Folk (국내), R&B / Soul (국내), Rap / Hip-hop (국내), Rock (국내), Electronica (국내), Jazz (국내), OST (국내), Blues (국외), Country (국외), Electronica (국외), Folk (국외), Pop (국외), EDM (국외), R&B / Soul (국외), Rap / Hip-hop (국외), Rock (국외), Jazz (국외), OST (국외)",모든 분위기
스튜피,1250,47,185190,148,3940,393,"Ballad (국내), Blues (국내), Dance (국내), Folk (국내), R&B / Soul (국내), Rap / Hip-hop (국내), Rock (국내), Electronica (국내), Jazz (국내), OST (국내), Blues (국외), Country (국외), Electronica (국외), Folk (국외), Pop (국외), EDM (국외), R&B / Soul (국외), Rap / Hip-hop (국외), Rock (국외), Electronica (J-Pop), Pop (J-Pop), R&B / Soul (J-Pop), Rap / Hip-hop (J-Pop), Rock (J-Pop)",모든 분위기
나의 정원,1370,225,489106,357,2174,161,"Ballad (국내), Blues (국내), Folk (국내), R&B / Soul (국내)",모든 분위기
포푸리스트 POPU playlist,2120,123,1949871,920,15853,1244,"Ballad (국내), Blues (국내), Dance (국내), Folk (국내), R&B / Soul (국내), Rap / Hip-hop (국내), Rock (국내), Electronica (국내), Jazz (국내), OST (국내), Blues (국외), Country (국외), Electronica (국외), Folk (국외), Pop (국외), EDM (국외), R&B / Soul (국외), Rap / Hip-hop (국외), Rock (국외)",모든 분위기
나의 바다 𝑺𝑯𝒀 𝑺𝑬𝑨,1260,63,262442,208,4166,29622,R&B / Soul (국내),
소월 sowol,2050,22,213482,104,9704,2448,"Folk (국외), Blues (국외), Jazz (국외), 뮤직테라피",
송윤 Hiphop_Playlist,1220,25,1137688,933,45508,489,"Dance (국내), Pop (국외)",모든 분위기
백화,1260,57,1086204,862,19056,121,"Folk (국내), Ballad (국내)",모든 분위기
mingyoing,1220,31,666287,546,21493,473,"Rap / Hip-hop (국내), R&B / Soul (국내)",모든 분위기
모기버섯MosquitoMushroom,1750,60,600052,343,10001,2165,"R&B / Soul (국내), Folk (국내), OST (국외)",모든 분위기
갓생 모먼트,1690,77,721213,427,9366,767,"Ballad (국내), Blues (국내), Folk (국내), R&B / Soul (국내), OST (국내)",모든 분위기
눈감으면제주도,1620,45,370834,229,8241,224,"Folk (국외), Pop (국외), R&B / Soul (국외), Rock (국외), Electronica (국외), New Age, Classic",모든 분위기
뚜리스트(liste de tout),1190,60,126831,107,2114,542,"Rap / Hip-hop (국내), R&B / Soul (국내), Folk (국내), Blues (국내)",모든 분위기
노래가좋아서,2970,40,1498365,505,37459,3490,"Blues (국외), Country (국외), Electronica (국외), Folk (국외), Pop (국외), EDM (국외), R&B / Soul (국외), Rap / Hip-hop (국외), Rock (국외), CCM (국외), Jazz (국외), OST (국외)",모든 분위기
융플리 yoonplay,1240,58,103812,84,1790,225,"Dance (국내), Pop (국외), Folk (국외), Rap / Hip-hop (국내)",모든 분위기
진심,1070,9,240888,225,26765,3518,"Ballad (국내), Blues (국내), Dance (국내), Folk (국내), R&B / Soul (국내), Rap / Hip-hop (국내), Rock (국내), Electronica (국내), Jazz (국내), OST (국내)",모든 분위기
미완 𝐦𝐢𝐞,1080,38,892707,827,23492,1013,"Ballad (국내), Blues (국내), Dance (국내), Folk (국내), R&B / Soul (국내), Rap / Hip-hop (국내), Rock (국내), Electronica (국내), Jazz (국내), Blues (국외), Country (국외), Electronica (국외), Folk (국외), Pop (국외), EDM (국외), R&B / Soul (국외), Rap / Hip-hop (국외), Rock (국외), New Age, Classic",
Moon's Moment,1160,23,90213,78,3922,1048,"Ballad (국내), Blues (국내), Folk (국내), R&B / Soul (국내), Blues (국외), Country (국외), Folk (국외), Pop (국외)",모든 분위기
힙링 HipRing,1090,7,8078,7,1154,740,"Ballad (국내), Blues (국내), Dance (국내), Folk (국내), R&B / Soul (국내), Rap / Hip-hop (국내), Rock (국내), Electronica (국내), Jazz (국내), OST (국내), Blues (국외), Country (국외), Electronica (국외), Folk (국외), Pop (국외), EDM (국외), R&B / Soul (국외), Rap / Hip-hop (국외), Rock (국외), Jazz (국외), OST (국외)",모든 분위기
혼자사는 윤우주 Spaceyoon,1050,68,190786,182,2806,23,"Ballad (국내), Blues (국내), Folk (국내), R&B / Soul (국내), OST (국내)",모든 분위기
손플리_sonplaylist,1030,18,308938,300,17163,9926,"Jazz (국내), Pop (국외)",모든 분위기
에어팟중독자⛅,1020,84,198098,194,2358,-,"Folk (국내), R&B / Soul (국내), Blues (국내), Jazz (국외), Rap / Hip-hop (국내)",모든 분위기
SeL (Sol et Luna),1080,313,286833,266,916,176,"Folk (국외), R&B / Soul (국외), Pop (국외)",모든 분위기
AFTER,1040,22,392349,377,17834,4241,"Ballad (국내), Blues (국내), Dance (국내), Folk (국내), R&B / Soul (국내), Rap / Hip-hop (국내), Rock (국내), Electronica (국내), Jazz (국내), Blues (국외), Country (국외), Electronica (국외), Folk (국외), Pop (국외), EDM (국외), R&B / Soul (국외), Rap / Hip-hop (국외), Rock (국외), Electronica (J-Pop), Pop (J-Pop), R&B / Soul (J-Pop), Rap / Hip-hop (J-Pop), Rock (J-Pop), New Age, Classic",
깊이 Playlist Deep,2330,38,326653,140,8596,4281,"Ballad (국내), Blues (국내), Dance (국내), Folk (국내), R&B / Soul (국내), Rap / Hip-hop (국내), Rock (국내), Electronica (국내), Jazz (국내), OST (국내), Blues (국외), Country (국외), Electronica (국외), Folk (국외), Pop (국외), EDM (국외), R&B / Soul (국외), Rap / Hip-hop (국외), Rock (국외), Jazz (국외), OST (국외)",
APB Music,1170,92,613890,525,6673,329,"Ballad (국내), Blues (국내), Dance (국내), Folk (국내), R&B / Soul (국내), Rap / Hip-hop (국내), Rock (국내), Electronica (국내), Jazz (국내), OST (국내), Blues (국외), Country (국외), Electronica (국외), Folk (국외), Pop (국외), EDM (국외), R&B / Soul (국외), Rap / Hip-hop (국외), Rock (국외), Electronica (J-Pop), Pop (J-Pop), R&B / Soul (J-Pop), Rap / Hip-hop (J-Pop), Rock (J-Pop)",모든 분위기
욱플리,1080,101,272599,252,2699,170,"Pop (국외), Pop (J-Pop)",모든 분위기
민물연어초밥,822,6,308030,375,51338,35009,"Electronica (J-Pop), Pop (J-Pop), R&B / Soul (J-Pop), Rap / Hip-hop (J-Pop), Rock (J-Pop)",
a great grape,803,26,282206,351,10854,786,"Folk (국외), Blues (국외), Jazz (국외), Pop (국외), Electronica (국외)",모든 분위기
Le maq,831,44,126398,152,2873,199,"Folk (국내), Folk (국외), Ballad (국내), Jazz (국내), Pop (국외)",모든 분위기
𝐚𝐥𝐥 𝐦𝐲 𝐬𝐭𝐨𝐫𝐲,791,11,149103,188,13555,2489,"Blues (국외), Country (국외), Electronica (국외), Folk (국외), Pop (국외), EDM (국외), R&B / Soul (국외), Rap / Hip-hop (국외), Rock (국외), CCM (국외), Jazz (국외), OST (국외)",모든 분위기
필름지 filmji,741,82,159820,216,1949,180,,모든 분위기
징어의 이어폰,2570,11,501389,195,45581,7609,"Ballad (국내), Blues (국내), Dance (국내), Folk (국내), R&B / Soul (국내), Rap / Hip-hop (국내), Rock (국내), Electronica (국내), Jazz (국내), OST (국내), Blues (국외), Country (국외), Electronica (국외), Folk (국외), Pop (국외), EDM (국외), R&B / Soul (국외), Rap / Hip-hop (국외), Rock (국외), Electronica (J-Pop), Pop (J-Pop), R&B / Soul (J-Pop), Rap / Hip-hop (J-Pop), Rock (J-Pop)",모든 분위기
자갸피셜,899,150,278882,310,1859,69,"New Age, Classic, Jazz (국내), Folk (국외)",모든 분위기
위로,714,307,123959,174,404,26,"Folk (국외), R&B / Soul (국외), Pop (국외)",모든 분위기
잘 모르는 노래,683,18,88435,129,4913,301,OST (국내),모든 분위기
인,668,28,134624,202,4808,182,"New Age, Classic",
내아모,827,368,221627,268,602,17,"Ballad (국내), Blues (국내), Folk (국내), R&B / Soul (국내), Rock (국내)",
LETTERS,639,50,127542,200,2551,186,"Ballad (국내), Blues (국내), Folk (국내), R&B / Soul (국내), Rap / Hip-hop (국내), Rock (국내), Electronica (국내), OST (국내)",모든 분위기
연재,591,12,169085,286,14090,2474,"Blues (국외), Country (국외), Electronica (국외), Folk (국외), Pop (국외), EDM (국외), R&B / Soul (국외), Rap / Hip-hop (국외), Rock (국외), Jazz (국외), OST (국외), Ballad (국내), Dance (국내), Rock (국내), Electronica (국내), OST (국내)",모든 분위기
수비ply,584,38,333631,571,8780,5832,"Pop (국외), Ballad (국내), Folk (국내), R&B / Soul (국내)",모든 분위기
956pm,606,14,81530,135,5824,1431,"Ballad (국내), Blues (국내), Folk (국내), R&B / Soul (국내)",모든 분위기
쿠잉 Cooing,595,16,295492,497,18468,414,"Folk (국외), Rap / Hip-hop (국외), R&B / Soul (국내), Rap / Hip-hop (국내)",모든 분위기
유앤지 𝙔𝙊𝙐-𝙉𝙂,3050,67,1529630,502,22830,4208,"Ballad (국내), Blues (국내), Dance (국내), Folk (국내), R&B / Soul (국내), Rap / Hip-hop (국내), Rock (국내), Electronica (국내), OST (국내)",모든 분위기
트러플리 𝐓𝐫𝐮𝐟𝐟𝐥𝐞 𝐏𝐥𝐚𝐲𝐥𝐢𝐬𝐭,578,24,109875,190,4578,447,"Blues (국외), Country (국외), Electronica (국외), Folk (국외), Pop (국외), EDM (국외), R&B / Soul (국외), Rap / Hip-hop (국외), Rock (국외), CCM (국외), Jazz (국외), OST (국외)",모든 분위기
#scene,596,64,250173,420,3909,1324,"Dance (국내), Rap / Hip-hop (국내), Folk (국내), R&B / Soul (국내), Ballad (국내)","몽환, 코믹, 희망, 모든 분위기"
뮤직로그 Music log,704,151,186148,264,1233,198,"New Age, Classic, 뮤직테라피, Electronica (국외), Rap / Hip-hop (국외), Pop (국외), R&B / Soul (국외)",모든 분위기
해피 유 이어 Happy Your Ear,560,51,173894,311,3410,693,"Ballad (국내), Folk (국내), R&B / Soul (국내), Jazz (국내), Pop (국외), Rap / Hip-hop (국내)",모든 분위기
힙햄,519,3,270033,520,90011,6063,"Ballad (국내), Blues (국내), Dance (국내), Folk (국내), R&B / Soul (국내), Rap / Hip-hop (국내), Rock (국내), Electronica (국내), Jazz (국내), OST (국내), Blues (국외), Country (국외), Electronica (국외), Folk (국외), Pop (국외), EDM (국외), R&B / Soul (국외), Rap / Hip-hop (국외), Rock (국외), Jazz (국외), OST (국외)",모든 분위기
hyuns 지금 이순간,544,81,95363,175,1177,110,"Pop (국외), Folk (국외), R&B / Soul (국외), Electronica (국외)",모든 분위기
나비_《蝶々》,567,10,484415,854,48442,1279,"Ballad (국내), Blues (국내), Dance (국내), Folk (국내), R&B / Soul (국내), Rap / Hip-hop (국내), Rock (국내), Electronica (국내), Jazz (국내), OST (국내), Blues (국외), Country (국외), Electronica (국외), Folk (국외), Pop (국외), EDM (국외), R&B / Soul (국외), Rap / Hip-hop (국외), Rock (국외), Electronica (J-Pop), Pop (J-Pop), R&B / Soul (J-Pop), Rap / Hip-hop (J-Pop), Rock (J-Pop)",모든 분위기
지의,570,41,53031,93,1293,903,"Blues (국내), Folk (국내), R&B / Soul (국내)",모든 분위기
아.,485,81,64057,132,791,2800,"Ballad (국내), Folk (국내)",
attractions,399,0,0,0,,1145,"Ballad (국내), Blues (국내), Dance (국내), Folk (국내), R&B / Soul (국내), Rap / Hip-hop (국내), Rock (국내), Electronica (국내), Jazz (국내), OST (국내)",모든 분위기
상록숲,461,9,68761,149,7640,11260,"Ballad (국내), Pop (국외), R&B / Soul (국외), R&B / Soul (J-Pop)",모든 분위기
나 가져 너가,476,10,527517,1108,52752,2064,"Ballad (국내), Blues (국내), Folk (국내), R&B / Soul (국내), Rap / Hip-hop (국내), Rock (국내), Electronica (국내)",모든 분위기
비터버터베터🧈,516,19,252155,489,13271,5945,"Ballad (국내), Blues (국내), Dance (국내), Folk (국내), R&B / Soul (국내), Rap / Hip-hop (국내), Rock (국내), Electronica (국내), Jazz (국내), OST (국내), Blues (국외), Country (국외), Electronica (국외), Folk (국외), Pop (국외), EDM (국외), R&B / Soul (국외), Rap / Hip-hop (국외), Rock (국외)",모든 분위기
유주씨 yujussi,461,9,60621,131,6736,1876,"Rap / Hip-hop (국내), Ballad (국내)",모든 분위기
ColdOil,447,26,134644,301,5179,159,"Blues (국외), Country (국외), Folk (국외), Pop (국외), R&B / Soul (국외), Jazz (국외), OST (국외), Electronica (국외), Rock (국외), R&B / Soul (국내), Rap / Hip-hop (국내), Rock (국내)",모든 분위기
Let's Nomad,444,66,135285,305,2050,102,"Pop (국외), Blues (국외), R&B / Soul (국내), Ballad (국내), Folk (국내)",모든 분위기
김도비,417,3,128280,308,42760,15338,"Pop (국외), Folk (국외), R&B / Soul (국외), Blues (국외)",모든 분위기
단잠 𝐈𝐧𝐟𝐩 𝐏𝐥𝐚𝐲𝐥𝐢𝐬𝐭,487,24,95913,197,3996,632,"Ballad (국내), Blues (국내), Folk (국내), R&B / Soul (국내)",모든 분위기
zZZ,436,103,73450,168,713,91,"OST (국내), Rap / Hip-hop (국외), Ballad (국내)",
또자캣,405,36,152674,377,4241,-,"Ballad (국내), Blues (국내), Folk (국내), R&B / Soul (국내), Rap / Hip-hop (국내), Rock (국내), Electronica (국내), Jazz (국내), OST (국내)",모든 분위기
라피나의방,1470,25,250664,171,10027,29601,"Rap / Hip-hop (국내), R&B / Soul (국내), Rock (국외), R&B / Soul (국외)","어둠, 차분함, 섹시"
조금 𝑱𝑶,392,37,373341,952,10090,1131,"Ballad (국내), Blues (국내), Dance (국내), Folk (국내), R&B / Soul (국내), Rap / Hip-hop (국내), Rock (국내), Electronica (국내), Jazz (국내), OST (국내)",모든 분위기
INTJ의 음악 저장소,412,33,264779,643,8024,1361,"Ballad (국내), Blues (국내), Folk (국내), R&B / Soul (국내), Rap / Hip-hop (국내), Rock (국내), Electronica (국내), Jazz (국내), OST (국내)",모든 분위기
헤뷰,381,22,36557,96,1662,2692,"New Age, 뮤직테라피",모든 분위기
bluecalendar 블루캘린더,404,32,5348,13,167,3158,"Ballad (국내), Blues (국내), Dance (국내), Folk (국내), R&B / Soul (국내), Rap / Hip-hop (국내), Rock (국내), OST (국내)","떠있는 느낌, 몽환, 희망, 차분함, 섹시, 모든 분위기"
Jean 선우,305,23,212859,698,9255,402,Ballad (국내),모든 분위기
테리메리 terry merry,1000,42,686510,687,16345,0,"OST (국외), 뮤직테라피, New Age",여유
인프피터 INFPeter,302,36,42424,140,1178,557,"Ballad (국내), Blues (국내), Dance (국내), Folk (국내), R&B / Soul (국내), Rap / Hip-hop (국내), Rock (국내), Electronica (국내), Jazz (국내), OST (국내)",모든 분위기
발신자표시제한,267,57,51829,194,909,493,"Ballad (국내), Blues (국내), Folk (국내), R&B / Soul (국내), OST (국내)",모든 분위기
JJABJANG,275,27,25394,92,941,208,"New Age, Classic",모든 분위기
TELEPOPz,190,45,27121,143,603,200,New Age,모든 분위기
음악간식,141,125,63558,451,508,12,"Ballad (국내), Blues (국내), Dance (국내), Folk (국내), R&B / Soul (국내), Rap / Hip-hop (국내), Rock (국내), Electronica (국내), Jazz (국내), OST (국내)",모든 분위기
김키키,509,106,466377,916,4400,12317,,
모호빌리지 | Moho Village,144,2,5207,36,2604,16537,,
플리피 𝐏𝐋𝐄𝐄𝐏𝐘,587,14,1147,2,82,-,"Ballad (국내), Pop (국외), R&B / Soul (국외), Rap / Hip-hop (국외)","부드러움, 모든 분위기, 우아한"
헤브어굿원.,129,21,5491,43,261,693,"Ballad (국내), Blues (국내), Dance (국내), Folk (국내), R&B / Soul (국내), Rap / Hip-hop (국내), Rock (국내), Electronica (국내), Jazz (국내), Blues (국외), Country (국외), Electronica (국외), Folk (국외), Pop (국외), EDM (국외), R&B / Soul (국외), Rap / Hip-hop (국외), Rock (국외)",
PLAY_LUCY플레이루시,171,12,46981,275,3915,629,"Jazz (국외), Jazz (국내)",모든 분위기
본때 ʙᴏʀɴᴛᴀᴇ ᴘʟᴀʏʟɪꜱᴛ,39,5,34956,896,6991,1304,"Blues (국외), Country (국외), Electronica (국외), Folk (국외), Pop (국외), EDM (국외), R&B / Soul (국외), Rap / Hip-hop (국외), Rock (국외), CCM (국외), Jazz (국외), OST (국외)",
파랑 波浪,31,15,1143,37,76,16,New Age,모든 분위기
Green Piano,29,24,2916,101,122,8,New Age,모든 분위기
Dayoff,29,26,4340,150,167,18,New Age,모든 분위기
be my blue,27,16,3527,131,220,58,New Age,모든 분위기
Persona,18,13,2231,124,172,288,New Age,모든 분위기
오슬로 O'slow,12,17,2388,199,140,262,New Age,모든 분위기
Piano Library,11,18,1751,159,97,7,New Age,모든 분위기
Low Espresso,8,10,569,71,57,6,New Age,모든 분위기
Gardener 가드너,7,11,202,29,18,47,New Age,모든 분위기
윤유화,3,23,4239,1413,184,28,New Age,모든 분위기